resume_text,openness,conscientiousness,extraversion,agreeableness,emotional_stability
"Software Engineer resume. Bachelor of Science. Skills: React, C++, Machine Learning, NLP. Experience: delivered 5 projects. Highlights: curious research; design thinking; creative experimentation; organized planning; community events; cross-functional collaboration; mentoring peers; conflict resolution; calm under pressure.",76,37,39,85,44
"Business Analyst resume. Master of Computer Applications. Skills: Docker, SQL, AWS, Excel. Experience: delivered 1 projects. Highlights: creative experimentation; curious research; structured documentation; public speaking; community events; empathetic communication; conflict resolution; mentoring peers; calm under pressure.",55,49,61,71,48
"Product Associate resume. Master of Computer Applications. Skills: SQL, Java, React, C++, Docker, Node.js. Experience: delivered 2 projects. Highlights: creative experimentation; innovative ideas; learning new technologies; quality assurance; reliable delivery; community events; team workshops; cross-functional collaboration; calm under pressure; resilient problem solving.",84,67,69,46,60
"Software Engineer resume. Master of Computer Applications. Skills: TensorFlow, AWS, Excel, Python, React. Experience: delivered 4 projects. Highlights: creative experimentation; curious research; quality assurance; attention to detail; team workshops; mentoring peers; conflict resolution; empathetic communication; adaptable execution.",54,58,44,80,51
"Product Associate resume. Computer Science degree. Skills: Power BI, Machine Learning, Java, Node.js, NLP. Experience: delivered 3 projects. Highlights: innovative ideas; attention to detail; stakeholder engagement; mentoring peers; conflict resolution; resilient problem solving; steady decision making; calm under pressure.",51,36,52,70,78
"Web Developer resume. Master of Computer Applications. Skills: NLP, Git, Machine Learning, Node.js, Excel, Python, SQL. Experience: delivered 3 projects. Highlights: creative experimentation; organized planning; team workshops; community events; mentoring peers; cross-functional collaboration; deadline management.",47,45,68,67,41
"Business Analyst resume. Master of Computer Applications. Skills: NLP, React, JavaScript, AWS, Excel, Machine Learning, C++, Python. Experience: delivered 4 projects. Highlights: creative experimentation; reliable delivery; community events; team workshops; conflict resolution; calm under pressure; steady decision making.",50,51,59,41,66
"Data Analyst resume. Computer Science degree. Skills: Excel, Machine Learning, C++, JavaScript. Experience: delivered 5 projects. Highlights: creative experimentation; attention to detail; community events; client presentations; cross-functional collaboration; deadline management.",40,41,54,50,52
"Software Engineer resume. Bachelor of Science. Skills: React, C++, SQL, AWS. Experience: delivered 5 projects. Highlights: curious research; quality assurance; team workshops; public speaking; mentoring peers; team support; empathetic communication; adaptable execution; deadline management.",47,53,65,73,62
"Data Analyst resume. Computer Science degree. Skills: React, Machine Learning, JavaScript, Power BI, NLP, TensorFlow, Git. Experience: delivered 4 projects. Highlights: creative experimentation; attention to detail; client presentations; cross-functional collaboration; team support; conflict resolution; adaptable execution; resilient problem solving; deadline management.",49,38,39,82,75
"Business Analyst resume. Computer Science degree. Skills: Power BI, AWS, Excel, SQL, React, TensorFlow, NLP. Experience: delivered 2 projects. Highlights: innovative ideas; structured documentation; stakeholder engagement; mentoring peers; cross-functional collaboration; team support; calm under pressure; adaptable execution.",48,43,35,75,60
"Product Associate resume. Bachelor of Technology. Skills: JavaScript, Docker, Git, Excel, React. Experience: delivered 2 projects. Highlights: creative experimentation; learning new technologies; quality assurance; client presentations; cross-functional collaboration; conflict resolution; calm under pressure.",59,44,57,60,53
"Web Developer resume. Master of Computer Applications. Skills: NLP, Power BI, Machine Learning, Python. Experience: delivered 1 projects. Highlights: learning new technologies; innovative ideas; structured documentation; community events; stakeholder engagement; empathetic communication; resilient problem solving; steady decision making; calm under pressure.",52,33,59,53,87
"Machine Learning Intern resume. Bachelor of Science. Skills: NLP, Python, C++, SQL, Docker, Excel, Machine Learning, AWS. Experience: delivered 3 projects. Highlights: curious research; organized planning; quality assurance; structured documentation; client presentations; community events; empathetic communication; mentoring peers; calm under pressure; resilient problem solving.",41,70,63,70,67
"Machine Learning Intern resume. Bachelor of Science. Skills: React, Machine Learning, Node.js, JavaScript, AWS, SQL, C++, TensorFlow. Experience: delivered 4 projects. Highlights: innovative ideas; structured documentation; public speaking; client presentations; cross-functional collaboration; deadline management; calm under pressure; adaptable execution.",44,46,56,44,77
"Business Analyst resume. Computer Science degree. Skills: NLP, React, Power BI, AWS, Java, Node.js. Experience: delivered 3 projects. Highlights: design thinking; creative experimentation; quality assurance; reliable delivery; structured documentation; client presentations; empathetic communication; team support; cross-functional collaboration; calm under pressure; resilient problem solving; deadline management.",71,78,54,76,74
"Machine Learning Intern resume. Bachelor of Science. Skills: Power BI, Docker, Machine Learning, Python, SQL, TensorFlow, JavaScript, C++. Experience: delivered 4 projects. Highlights: creative experimentation; organized planning; public speaking; team workshops; community events; team support; empathetic communication; deadline management.",39,37,73,60,47
"Software Engineer resume. Bachelor of Science. Skills: C++, React, JavaScript, Excel, Docker. Experience: delivered 3 projects. Highlights: creative experimentation; reliable delivery; team workshops; empathetic communication; cross-functional collaboration; steady decision making; deadline management; adaptable execution.",44,35,54,59,86
"Machine Learning Intern resume. Master of Computer Applications. Skills: React, Python, TensorFlow, C++, Docker. Experience: delivered 1 projects. Highlights: innovative ideas; curious research; design thinking; organized planning; structured documentation; client presentations; stakeholder engagement; community events; empathetic communication; mentoring peers; conflict resolution; steady decision making.",87,60,75,81,43
"Software Engineer resume. Computer Science degree. Skills: Power BI, Excel, AWS, Docker, NLP, Machine Learning. Experience: delivered 5 projects. Highlights: learning new technologies; innovative ideas; creative experimentation; organized planning; public speaking; team workshops; conflict resolution; team support; cross-functional collaboration; calm under pressure; deadline management.",78,46,53,77,63
"Machine Learning Intern resume. Computer Science degree. Skills: AWS, TensorFlow, SQL, Power BI, Node.js, Machine Learning, Java, Docker. Experience: delivered 3 projects. Highlights: creative experimentation; quality assurance; community events; empathetic communication; team support; conflict resolution; calm under pressure; steady decision making.",45,56,35,82,58
"Product Associate resume. Computer Science degree. Skills: React, Docker, Excel, NLP, Power BI, AWS. Experience: delivered 4 projects. Highlights: learning new technologies; curious research; quality assurance; community events; team support; mentoring peers; adaptable execution; calm under pressure; resilient problem solving.",69,39,45,64,70
"Software Engineer resume. Computer Science degree. Skills: Python, C++, React, Git, NLP. Experience: delivered 4 projects. Highlights: curious research; creative experimentation; design thinking; quality assurance; community events; public speaking; cross-functional collaboration; empathetic communication; steady decision making; resilient problem solving; calm under pressure.",79,48,64,59,85
"Product Associate resume. Computer Science degree. Skills: React, Java, SQL, Git, JavaScript, Power BI, Machine Learning, AWS. Experience: delivered 5 projects. Highlights: learning new technologies; design thinking; curious research; attention to detail; quality assurance; client presentations; cross-functional collaboration; mentoring peers; conflict resolution; resilient problem solving; deadline management; calm under pressure.",72,71,47,86,78
"Data Analyst resume. Bachelor of Science. Skills: React, Node.js, AWS, Excel, Machine Learning, SQL. Experience: delivered 2 projects. Highlights: innovative ideas; curious research; reliable delivery; community events; stakeholder engagement; public speaking; empathetic communication; team support; deadline management; calm under pressure.",58,45,82,70,66
"Product Associate resume. Bachelor of Technology. Skills: C++, Excel, NLP, Power BI, Python, Java, Docker. Experience: delivered 3 projects. Highlights: creative experimentation; learning new technologies; structured documentation; reliable delivery; quality assurance; stakeholder engagement; mentoring peers; cross-functional collaboration; conflict resolution; deadline management.",60,84,39,77,44
"Data Analyst resume. Bachelor of Technology. Skills: TensorFlow, C++, Excel, Docker, JavaScript, Git. Experience: delivered 4 projects. Highlights: design thinking; quality assurance; attention to detail; structured documentation; team workshops; public speaking; mentoring peers; conflict resolution; calm under pressure; deadline management.",52,77,61,60,63
"Software Engineer resume. Computer Science degree. Skills: AWS, Excel, Docker, Node.js, Java, Power BI. Experience: delivered 1 projects. Highlights: learning new technologies; curious research; design thinking; attention to detail; organized planning; public speaking; stakeholder engagement; team workshops; empathetic communication; deadline management.",67,72,80,43,51
"Product Associate resume. Master of Computer Applications. Skills: Git, TensorFlow, SQL, NLP, React. Experience: delivered 3 projects. Highlights: creative experimentation; design thinking; learning new technologies; attention to detail; quality assurance; client presentations; conflict resolution; empathetic communication; resilient problem solving.",83,65,29,58,45
"Business Analyst resume. Bachelor of Technology. Skills: SQL, Power BI, Excel, Node.js, TensorFlow. Experience: delivered 5 projects. Highlights: creative experimentation; attention to detail; reliable delivery; organized planning; community events; client presentations; team workshops; conflict resolution; mentoring peers; empathetic communication; resilient problem solving; calm under pressure; steady decision making.",43,70,72,86,80
"Product Associate resume. Computer Science degree. Skills: Power BI, JavaScript, Docker, Java, Machine Learning, Node.js, TensorFlow. Experience: delivered 4 projects. Highlights: innovative ideas; creative experimentation; design thinking; reliable delivery; client presentations; stakeholder engagement; mentoring peers; cross-functional collaboration; deadline management; steady decision making.",84,32,50,67,61
"Machine Learning Intern resume. Master of Computer Applications. Skills: Java, AWS, JavaScript, Git, React, C++, Node.js. Experience: delivered 5 projects. Highlights: creative experimentation; innovative ideas; curious research; attention to detail; structured documentation; reliable delivery; community events; mentoring peers; team support; calm under pressure.",88,72,55,53,45
"Web Developer resume. Bachelor of Science. Skills: SQL, Node.js, React, Docker. Experience: delivered 3 projects. Highlights: curious research; creative experimentation; learning new technologies; structured documentation; stakeholder engagement; team workshops; mentoring peers; deadline management; adaptable execution.",75,49,78,31,71
"Data Analyst resume. Bachelor of Science. Skills: AWS, SQL, Power BI, Machine Learning, JavaScript. Experience: delivered 4 projects. Highlights: design thinking; innovative ideas; curious research; quality assurance; reliable delivery; attention to detail; stakeholder engagement; public speaking; team support; conflict resolution; resilient problem solving; calm under pressure.",73,75,59,64,69
"Software Engineer resume. Bachelor of Technology. Skills: Python, C++, Machine Learning, Node.js, JavaScript, Git. Experience: delivered 5 projects. Highlights: design thinking; reliable delivery; organized planning; structured documentation; public speaking; team workshops; stakeholder engagement; empathetic communication; team support; cross-functional collaboration; adaptable execution; resilient problem solving.",49,82,70,78,62
"Data Analyst resume. Bachelor of Technology. Skills: TensorFlow, C++, Python, JavaScript, Power BI, NLP, Node.js, SQL. Experience: delivered 5 projects. Highlights: curious research; organized planning; reliable delivery; stakeholder engagement; client presentations; cross-functional collaboration; mentoring peers; deadline management; calm under pressure.",53,71,65,62,57
"Machine Learning Intern resume. Bachelor of Technology. Skills: Excel, React, TensorFlow, Java. Experience: delivered 2 projects. Highlights: design thinking; curious research; innovative ideas; structured documentation; quality assurance; stakeholder engagement; public speaking; community events; mentoring peers; team support; conflict resolution; adaptable execution; calm under pressure; steady decision making.",88,61,71,77,86
"Software Engineer resume. Bachelor of Science. Skills: Node.js, Power BI, C++, Java, Git. Experience: delivered 3 projects. Highlights: creative experimentation; structured documentation; stakeholder engagement; community events; team support; calm under pressure.",56,46,65,33,51
"Product Associate resume. Master of Computer Applications. Skills: Git, Power BI, Node.js, Java. Experience: delivered 5 projects. Highlights: curious research; learning new technologies; creative experimentation; quality assurance; attention to detail; reliable delivery; team workshops; public speaking; client presentations; cross-functional collaboration; conflict resolution; mentoring peers; steady decision making; adaptable execution; resilient problem solving.",91,84,73,77,72
"Web Developer resume. Computer Science degree. Skills: NLP, Python, Excel, JavaScript, Git, Machine Learning. Experience: delivered 3 projects. Highlights: creative experimentation; learning new technologies; reliable delivery; quality assurance; client presentations; community events; empathetic communication; adaptable execution; calm under pressure; steady decision making.",65,68,61,39,72
"Software Engineer resume. Master of Computer Applications. Skills: TensorFlow, Docker, Excel, Machine Learning, Python, Git. Experience: delivered 3 projects. Highlights: creative experimentation; structured documentation; reliable delivery; attention to detail; public speaking; community events; cross-functional collaboration; empathetic communication; mentoring peers; deadline management; adaptable execution.",47,77,62,77,57
"Web Developer resume. Computer Science degree. Skills: Node.js, Machine Learning, JavaScript, C++, Git. Experience: delivered 1 projects. Highlights: creative experimentation; learning new technologies; structured documentation; client presentations; team workshops; public speaking; team support; mentoring peers; deadline management; calm under pressure.",54,38,79,56,65
"Product Associate resume. Computer Science degree. Skills: Git, Power BI, Node.js, Machine Learning, Excel. Experience: delivered 4 projects. Highlights: curious research; reliable delivery; organized planning; quality assurance; stakeholder engagement; client presentations; community events; cross-functional collaboration; deadline management; calm under pressure; steady decision making.",39,69,73,48,78
"Business Analyst resume. Computer Science degree. Skills: Node.js, Power BI, C++, NLP. Experience: delivered 2 projects. Highlights: curious research; quality assurance; attention to detail; client presentations; public speaking; mentoring peers; steady decision making; adaptable execution.",54,66,75,43,56
"Product Associate resume. Computer Science degree. Skills: AWS, Power BI, Git, Java. Experience: delivered 2 projects. Highlights: design thinking; learning new technologies; structured documentation; reliable delivery; team workshops; community events; conflict resolution; mentoring peers; resilient problem solving; deadline management.",62,69,65,52,56
"Business Analyst resume. Computer Science degree. Skills: SQL, Git, Excel, Node.js, AWS. Experience: delivered 1 projects. Highlights: innovative ideas; creative experimentation; structured documentation; client presentations; conflict resolution; mentoring peers; calm under pressure; resilient problem solving; deadline management.",66,47,50,63,70
"Machine Learning Intern resume. Master of Computer Applications. Skills: JavaScript, Power BI, Node.js, Python, Java, AWS, TensorFlow. Experience: delivered 3 projects. Highlights: learning new technologies; creative experimentation; quality assurance; organized planning; structured documentation; public speaking; team workshops; cross-functional collaboration; mentoring peers; calm under pressure; adaptable execution.",50,75,70,63,52
"Machine Learning Intern resume. Bachelor of Technology. Skills: C++, NLP, JavaScript, React, Git, Node.js, TensorFlow. Experience: delivered 4 projects. Highlights: design thinking; curious research; attention to detail; team workshops; cross-functional collaboration; mentoring peers; adaptable execution; resilient problem solving.",59,35,49,63,58
"Product Associate resume. Master of Computer Applications. Skills: Docker, Java, Git, SQL, React. Experience: delivered 5 projects. Highlights: learning new technologies; reliable delivery; quality assurance; structured documentation; stakeholder engagement; public speaking; mentoring peers; steady decision making.",49,77,61,39,47
"Web Developer resume. Bachelor of Technology. Skills: Excel, AWS, React, TensorFlow, C++, NLP, Node.js, JavaScript. Experience: delivered 1 projects. Highlights: learning new technologies; reliable delivery; organized planning; quality assurance; client presentations; conflict resolution; deadline management; steady decision making; calm under pressure.",47,74,60,47,72
"Machine Learning Intern resume. Master of Computer Applications. Skills: Machine Learning, C++, Node.js, JavaScript, Excel, Git. Experience: delivered 1 projects. Highlights: innovative ideas; attention to detail; organized planning; quality assurance; public speaking; stakeholder engagement; empathetic communication; resilient problem solving; adaptable execution; steady decision making.",52,86,69,33,71
"Web Developer resume. Master of Computer Applications. Skills: AWS, TensorFlow, Power BI, Java, Node.js, NLP, Docker. Experience: delivered 1 projects. Highlights: learning new technologies; innovative ideas; organized planning; stakeholder engagement; cross-functional collaboration; team support; mentoring peers; calm under pressure.",67,40,42,82,43
"Software Engineer resume. Bachelor of Science. Skills: Python, Node.js, Git, SQL. Experience: delivered 5 projects. Highlights: design thinking; innovative ideas; learning new technologies; attention to detail; client presentations; stakeholder engagement; team support; deadline management; calm under pressure; adaptable execution.",77,47,65,33,75
"Web Developer resume. Master of Computer Applications. Skills: React, Git, Java, C++, AWS, SQL. Experience: delivered 5 projects. Highlights: design thinking; structured documentation; attention to detail; stakeholder engagement; client presentations; mentoring peers; conflict resolution; steady decision making; calm under pressure; adaptable execution.",47,59,65,58,77
"Business Analyst resume. Bachelor of Science. Skills: JavaScript, Excel, NLP, React, SQL. Experience: delivered 5 projects. Highlights: curious research; creative experimentation; design thinking; organized planning; attention to detail; community events; cross-functional collaboration; conflict resolution; steady decision making.",73,58,37,68,58
"Business Analyst resume. Master of Computer Applications. Skills: JavaScript, Python, AWS, React. Experience: delivered 1 projects. Highlights: design thinking; organized planning; public speaking; team workshops; empathetic communication; team support; cross-functional collaboration; calm under pressure.",49,45,51,88,45
"Product Associate resume. Bachelor of Technology. Skills: NLP, SQL, Git, Machine Learning, React, C++, Python, Node.js. Experience: delivered 1 projects. Highlights: learning new technologies; quality assurance; client presentations; cross-functional collaboration; deadline management; adaptable execution; resilient problem solving.",47,44,41,44,77
"Business Analyst resume. Computer Science degree. Skills: Machine Learning, Power BI, AWS, Docker, NLP, C++, Node.js, Git. Experience: delivered 1 projects. Highlights: learning new technologies; design thinking; organized planning; quality assurance; public speaking; team workshops; cross-functional collaboration; empathetic communication; mentoring peers; adaptable execution.",63,61,62,76,40
"Software Engineer resume. Bachelor of Technology. Skills: TensorFlow, Node.js, AWS, JavaScript, C++, Git. Experience: delivered 1 projects. Highlights: design thinking; curious research; learning new technologies; structured documentation; attention to detail; quality assurance; public speaking; mentoring peers; conflict resolution; empathetic communication; calm under pressure; steady decision making; resilient problem solving.",83,79,47,65,75
"Software Engineer resume. Bachelor of Science. Skills: Java, Power BI, Python, Node.js, NLP, C++, AWS. Experience: delivered 2 projects. Highlights: innovative ideas; attention to detail; organized planning; community events; conflict resolution; team support; mentoring peers; calm under pressure; deadline management; resilient problem solving.",40,63,39,74,83
"Machine Learning Intern resume. Master of Computer Applications. Skills: C++, TensorFlow, Power BI, Node.js, Python, JavaScript, Excel, Machine Learning. Experience: delivered 1 projects. Highlights: design thinking; innovative ideas; creative experimentation; reliable delivery; attention to detail; stakeholder engagement; conflict resolution; adaptable execution; calm under pressure.",83,58,52,39,56
"Business Analyst resume. Bachelor of Technology. Skills: JavaScript, AWS, Node.js, Power BI, Java, NLP. Experience: delivered 1 projects. Highlights: creative experimentation; attention to detail; client presentations; community events; conflict resolution; empathetic communication; mentoring peers; deadline management; adaptable execution.",41,42,76,79,66
"Software Engineer resume. Master of Computer Applications. Skills: Excel, Machine Learning, SQL, AWS, Docker. Experience: delivered 5 projects. Highlights: creative experimentation; reliable delivery; stakeholder engagement; community events; team workshops; conflict resolution; mentoring peers; empathetic communication; steady decision making.",48,46,89,75,41
"Data Analyst resume. Bachelor of Science. Skills: Node.js, AWS, SQL, Python, Git, Docker. Experience: delivered 4 projects. Highlights: curious research; learning new technologies; quality assurance; organized planning; client presentations; team workshops; stakeholder engagement; empathetic communication; resilient problem solving.",64,68,74,57,32
"Machine Learning Intern resume. Bachelor of Science. Skills: Docker, Power BI, TensorFlow, C++, Node.js, SQL, Java, Python. Experience: delivered 5 projects. Highlights: innovative ideas; creative experimentation; structured documentation; organized planning; attention to detail; client presentations; mentoring peers; cross-functional collaboration; steady decision making; deadline management.",72,79,53,70,77
"Business Analyst resume. Bachelor of Science. Skills: Excel, JavaScript, SQL, Machine Learning, TensorFlow, C++. Experience: delivered 3 projects. Highlights: creative experimentation; curious research; structured documentation; quality assurance; reliable delivery; client presentations; stakeholder engagement; team support; steady decision making; resilient problem solving.",66,72,57,35,59
"Web Developer resume. Master of Computer Applications. Skills: Git, Excel, NLP, Java, C++, Power BI, AWS. Experience: delivered 2 projects. Highlights: creative experimentation; curious research; reliable delivery; attention to detail; organized planning; community events; team workshops; public speaking; cross-functional collaboration; resilient problem solving.",63,83,73,39,50
"Web Developer resume. Bachelor of Technology. Skills: Python, AWS, Node.js, SQL. Experience: delivered 5 projects. Highlights: innovative ideas; design thinking; quality assurance; client presentations; public speaking; conflict resolution; cross-functional collaboration; steady decision making; deadline management; resilient problem solving.",58,36,66,67,77
"Data Analyst resume. Computer Science degree. Skills: Power BI, SQL, Machine Learning, TensorFlow, JavaScript, Python. Experience: delivered 4 projects. Highlights: design thinking; creative experimentation; curious research; quality assurance; attention to detail; public speaking; stakeholder engagement; conflict resolution; empathetic communication; calm under pressure; deadline management; adaptable execution.",63,68,59,65,78
"Machine Learning Intern resume. Bachelor of Science. Skills: Machine Learning, TensorFlow, Docker, Node.js. Experience: delivered 3 projects. Highlights: innovative ideas; design thinking; structured documentation; quality assurance; public speaking; client presentations; community events; team support; calm under pressure; steady decision making.",59,65,76,38,63
"Machine Learning Intern resume. Bachelor of Science. Skills: SQL, TensorFlow, Java, Docker, Machine Learning, AWS, Python, NLP. Experience: delivered 2 projects. Highlights: innovative ideas; structured documentation; attention to detail; reliable delivery; client presentations; public speaking; stakeholder engagement; mentoring peers; steady decision making; resilient problem solving.",41,75,74,47,61
"Web Developer resume. Bachelor of Science. Skills: NLP, Docker, JavaScript, Excel, Power BI. Experience: delivered 4 projects. Highlights: curious research; design thinking; organized planning; reliable delivery; quality assurance; community events; client presentations; team support; adaptable execution.",56,84,67,43,48
"Data Analyst resume. Bachelor of Science. Skills: Git, C++, Excel, Node.js, Docker, Machine Learning, NLP, TensorFlow. Experience: delivered 5 projects. Highlights: curious research; structured documentation; reliable delivery; stakeholder engagement; team workshops; conflict resolution; empathetic communication; mentoring peers; deadline management; resilient problem solving; adaptable execution.",36,62,61,73,80
"Product Associate resume. Master of Computer Applications. Skills: Git, Machine Learning, JavaScript, Docker, SQL, React. Experience: delivered 1 projects. Highlights: innovative ideas; quality assurance; client presentations; conflict resolution; cross-functional collaboration; empathetic communication; calm under pressure; resilient problem solving.",48,48,34,76,68
"Web Developer resume. Computer Science degree. Skills: JavaScript, Python, Node.js, Git, C++. Experience: delivered 4 projects. Highlights: curious research; learning new technologies; organized planning; public speaking; team workshops; cross-functional collaboration; team support; calm under pressure; steady decision making.",61,43,63,70,60
"Web Developer resume. Computer Science degree. Skills: React, Node.js, SQL, Python, C++, Docker. Experience: delivered 1 projects. Highlights: curious research; design thinking; innovative ideas; quality assurance; community events; mentoring peers; calm under pressure.",83,34,31,42,49
"Business Analyst resume. Bachelor of Technology. Skills: Docker, JavaScript, TensorFlow, Excel, SQL, Machine Learning, AWS, Power BI. Experience: delivered 4 projects. Highlights: design thinking; quality assurance; attention to detail; team workshops; public speaking; community events; cross-functional collaboration; team support; resilient problem solving.",42,71,66,63,29
"Web Developer resume. Computer Science degree. Skills: Machine Learning, AWS, TensorFlow, JavaScript, Excel, Git. Experience: delivered 2 projects. Highlights: innovative ideas; creative experimentation; reliable delivery; client presentations; public speaking; community events; cross-functional collaboration; team support; resilient problem solving; calm under pressure.",61,38,77,60,52
"Web Developer resume. Master of Computer Applications. Skills: Git, Node.js, Python, TensorFlow, React, Java, AWS, Excel. Experience: delivered 3 projects. Highlights: creative experimentation; reliable delivery; team workshops; client presentations; stakeholder engagement; cross-functional collaboration; team support; empathetic communication; adaptable execution; deadline management.",33,39,78,85,66
"Software Engineer resume. Bachelor of Technology. Skills: SQL, Docker, NLP, JavaScript, Machine Learning, Node.js, AWS. Experience: delivered 3 projects. Highlights: learning new technologies; structured documentation; reliable delivery; team workshops; stakeholder engagement; mentoring peers; team support; adaptable execution; steady decision making; calm under pressure.",42,61,62,62,79
"Machine Learning Intern resume. Bachelor of Science. Skills: SQL, TensorFlow, Java, Docker. Experience: delivered 1 projects. Highlights: learning new technologies; curious research; innovative ideas; structured documentation; public speaking; mentoring peers; cross-functional collaboration; steady decision making; deadline management; resilient problem solving.",76,53,57,61,75
"Business Analyst resume. Master of Computer Applications. Skills: AWS, Git, Excel, SQL, NLP, JavaScript. Experience: delivered 4 projects. Highlights: creative experimentation; attention to detail; organized planning; structured documentation; public speaking; community events; team workshops; conflict resolution; cross-functional collaboration; team support; resilient problem solving; deadline management.",42,72,81,77,57
"Data Analyst resume. Bachelor of Technology. Skills: React, NLP, Node.js, Power BI, Git, C++, SQL. Experience: delivered 4 projects. Highlights: creative experimentation; curious research; structured documentation; quality assurance; reliable delivery; client presentations; team support; steady decision making.",49,66,49,52,40
"Business Analyst resume. Master of Computer Applications. Skills: React, SQL, C++, JavaScript, Excel, Git, Python, AWS. Experience: delivered 4 projects. Highlights: innovative ideas; reliable delivery; organized planning; quality assurance; community events; public speaking; team support; resilient problem solving; adaptable execution; deadline management.",46,84,68,39,83
"Web Developer resume. Master of Computer Applications. Skills: AWS, TensorFlow, SQL, Git, Power BI. Experience: delivered 2 projects. Highlights: innovative ideas; learning new technologies; structured documentation; community events; stakeholder engagement; team workshops; conflict resolution; calm under pressure.",70,39,71,34,35
"Machine Learning Intern resume. Bachelor of Science. Skills: Machine Learning, Node.js, SQL, Java, React, C++. Experience: delivered 3 projects. Highlights: curious research; learning new technologies; innovative ideas; organized planning; quality assurance; community events; team workshops; stakeholder engagement; empathetic communication; conflict resolution; mentoring peers; resilient problem solving.",82,73,81,66,47
"Web Developer resume. Master of Computer Applications. Skills: Node.js, TensorFlow, React, NLP, Docker, Power BI, Python, Git. Experience: delivered 3 projects. Highlights: curious research; design thinking; creative experimentation; quality assurance; reliable delivery; community events; cross-functional collaboration; conflict resolution; calm under pressure; adaptable execution; steady decision making.",69,70,39,59,79
"Product Associate resume. Bachelor of Science. Skills: NLP, JavaScript, AWS, Power BI, Excel, TensorFlow. Experience: delivered 3 projects. Highlights: learning new technologies; creative experimentation; organized planning; team workshops; stakeholder engagement; community events; mentoring peers; conflict resolution; resilient problem solving.",62,47,73,57,55
"Machine Learning Intern resume. Master of Computer Applications. Skills: Docker, Java, NLP, C++, React, JavaScript. Experience: delivered 2 projects. Highlights: learning new technologies; creative experimentation; reliable delivery; structured documentation; team workshops; empathetic communication; cross-functional collaboration; calm under pressure.",66,71,42,60,48
"Business Analyst resume. Bachelor of Technology. Skills: AWS, Python, Java, Node.js, Git, NLP, TensorFlow, Power BI. Experience: delivered 1 projects. Highlights: learning new technologies; innovative ideas; curious research; organized planning; client presentations; stakeholder engagement; conflict resolution; mentoring peers; resilient problem solving; adaptable execution.",77,49,64,71,65
"Machine Learning Intern resume. Bachelor of Technology. Skills: Docker, Machine Learning, Git, Java. Experience: delivered 2 projects. Highlights: learning new technologies; innovative ideas; organized planning; stakeholder engagement; cross-functional collaboration; empathetic communication; mentoring peers; adaptable execution; steady decision making.",61,44,58,89,58
"Business Analyst resume. Bachelor of Science. Skills: Excel, Git, Machine Learning, Java, JavaScript, NLP. Experience: delivered 3 projects. Highlights: design thinking; reliable delivery; attention to detail; team workshops; stakeholder engagement; conflict resolution; cross-functional collaboration; mentoring peers; calm under pressure; resilient problem solving.",41,64,54,86,55
"Web Developer resume. Bachelor of Technology. Skills: Docker, NLP, Node.js, Power BI. Experience: delivered 5 projects. Highlights: innovative ideas; design thinking; learning new technologies; quality assurance; structured documentation; community events; team support; mentoring peers; calm under pressure; steady decision making; resilient problem solving.",75,51,38,51,69
"Product Associate resume. Bachelor of Science. Skills: React, Python, Git, AWS. Experience: delivered 4 projects. Highlights: design thinking; curious research; organized planning; community events; stakeholder engagement; client presentations; conflict resolution; mentoring peers; cross-functional collaboration; resilient problem solving; calm under pressure; steady decision making.",63,49,83,89,80
"Web Developer resume. Master of Computer Applications. Skills: Git, Machine Learning, AWS, Java, Excel. Experience: delivered 5 projects. Highlights: design thinking; learning new technologies; innovative ideas; organized planning; team workshops; community events; conflict resolution; team support; deadline management; adaptable execution; resilient problem solving.",80,46,59,67,86
"Business Analyst resume. Computer Science degree. Skills: AWS, Machine Learning, Excel, Power BI, Node.js, TensorFlow, SQL. Experience: delivered 4 projects. Highlights: innovative ideas; curious research; reliable delivery; public speaking; empathetic communication; deadline management; steady decision making.",63,51,45,52,80
"Data Analyst resume. Bachelor of Technology. Skills: Java, Machine Learning, Node.js, C++, Excel. Experience: delivered 5 projects. Highlights: innovative ideas; creative experimentation; reliable delivery; structured documentation; quality assurance; public speaking; mentoring peers; resilient problem solving.",57,89,44,55,36
"Business Analyst resume. Bachelor of Science. Skills: TensorFlow, Excel, JavaScript, Python. Experience: delivered 4 projects. Highlights: design thinking; curious research; innovative ideas; attention to detail; organized planning; structured documentation; stakeholder engagement; team support; deadline management.",81,68,51,46,40
"Web Developer resume. Master of Computer Applications. Skills: C++, Python, Docker, Git, JavaScript. Experience: delivered 1 projects. Highlights: innovative ideas; design thinking; curious research; organized planning; quality assurance; community events; team workshops; conflict resolution; cross-functional collaboration; mentoring peers; deadline management.",80,66,63,77,45
"Web Developer resume. Master of Computer Applications. Skills: AWS, JavaScript, Power BI, Git. Experience: delivered 2 projects. Highlights: innovative ideas; reliable delivery; stakeholder engagement; community events; empathetic communication; mentoring peers; conflict resolution; resilient problem solving.",38,46,69,65,35
"Data Analyst resume. Bachelor of Technology. Skills: JavaScript, C++, Git, AWS. Experience: delivered 3 projects. Highlights: design thinking; attention to detail; quality assurance; reliable delivery; stakeholder engagement; community events; conflict resolution; team support; cross-functional collaboration; deadline management.",40,85,53,78,41
"Data Analyst resume. Computer Science degree. Skills: TensorFlow, SQL, Git, Node.js. Experience: delivered 5 projects. Highlights: innovative ideas; design thinking; quality assurance; community events; client presentations; team support; conflict resolution; mentoring peers; resilient problem solving.",56,59,64,80,53
"Data Analyst resume. Bachelor of Technology. Skills: Docker, Power BI, Machine Learning, Git, Excel, React. Experience: delivered 5 projects. Highlights: innovative ideas; design thinking; learning new technologies; attention to detail; quality assurance; organized planning; stakeholder engagement; empathetic communication; mentoring peers; team support; adaptable execution.",73,82,54,78,45
"Product Associate resume. Bachelor of Technology. Skills: Power BI, NLP, Git, SQL, Machine Learning. Experience: delivered 4 projects. Highlights: design thinking; creative experimentation; organized planning; attention to detail; community events; team workshops; client presentations; team support; mentoring peers; calm under pressure.",64,70,77,61,45
"Product Associate resume. Bachelor of Technology. Skills: SQL, Python, Docker, AWS, C++, Machine Learning, Java, TensorFlow. Experience: delivered 3 projects. Highlights: creative experimentation; quality assurance; structured documentation; public speaking; client presentations; mentoring peers; team support; calm under pressure; resilient problem solving.",39,63,66,63,76
"Web Developer resume. Bachelor of Science. Skills: SQL, JavaScript, Machine Learning, Docker, Excel, Java. Experience: delivered 1 projects. Highlights: learning new technologies; innovative ideas; structured documentation; stakeholder engagement; community events; team workshops; cross-functional collaboration; adaptable execution; resilient problem solving; steady decision making.",59,51,84,44,90
"Web Developer resume. Computer Science degree. Skills: C++, Power BI, Excel, SQL, Python. Experience: delivered 5 projects. Highlights: design thinking; learning new technologies; innovative ideas; structured documentation; team workshops; empathetic communication; mentoring peers; steady decision making; resilient problem solving; deadline management.",81,32,52,65,71
"Machine Learning Intern resume. Bachelor of Science. Skills: Git, React, Machine Learning, Java, Python, JavaScript, Excel. Experience: delivered 5 projects. Highlights: creative experimentation; design thinking; curious research; quality assurance; client presentations; empathetic communication; calm under pressure.",86,33,54,38,35
"Machine Learning Intern resume. Computer Science degree. Skills: Machine Learning, Git, Python, AWS, TensorFlow, Docker, C++. Experience: delivered 4 projects. Highlights: innovative ideas; curious research; reliable delivery; attention to detail; community events; team workshops; stakeholder engagement; team support; conflict resolution; cross-functional collaboration; adaptable execution; resilient problem solving; steady decision making.",48,67,73,83,76
"Data Analyst resume. Master of Computer Applications. Skills: Docker, C++, Machine Learning, Excel, JavaScript, Java, React, Node.js. Experience: delivered 1 projects. Highlights: design thinking; structured documentation; team workshops; community events; team support; resilient problem solving; deadline management; calm under pressure.",43,54,54,48,85
"Web Developer resume. Bachelor of Technology. Skills: React, Git, C++, AWS, Node.js, Python, Excel, Machine Learning. Experience: delivered 4 projects. Highlights: curious research; creative experimentation; reliable delivery; structured documentation; community events; conflict resolution; cross-functional collaboration; calm under pressure; resilient problem solving; steady decision making.",64,60,41,77,80
"Machine Learning Intern resume. Computer Science degree. Skills: C++, Git, Java, SQL, Excel, AWS, React, NLP. Experience: delivered 1 projects. Highlights: learning new technologies; attention to detail; reliable delivery; quality assurance; stakeholder engagement; community events; public speaking; team support; conflict resolution; empathetic communication; steady decision making.",48,75,68,75,44
"Web Developer resume. Computer Science degree. Skills: Java, React, Git, Machine Learning, TensorFlow, AWS, Node.js, Excel. Experience: delivered 4 projects. Highlights: innovative ideas; learning new technologies; reliable delivery; team workshops; community events; stakeholder engagement; empathetic communication; deadline management.",70,50,82,40,39
"Software Engineer resume. Bachelor of Science. Skills: Docker, JavaScript, TensorFlow, React. Experience: delivered 1 projects. Highlights: curious research; quality assurance; structured documentation; organized planning; community events; client presentations; public speaking; cross-functional collaboration; conflict resolution; calm under pressure.",47,80,82,59,45
"Machine Learning Intern resume. Bachelor of Technology. Skills: Machine Learning, Power BI, Node.js, C++. Experience: delivered 5 projects. Highlights: design thinking; quality assurance; structured documentation; stakeholder engagement; client presentations; cross-functional collaboration; mentoring peers; calm under pressure.",42,66,65,54,38
"Web Developer resume. Bachelor of Technology. Skills: Git, NLP, React, Power BI, Excel, Node.js, SQL. Experience: delivered 1 projects. Highlights: creative experimentation; curious research; design thinking; attention to detail; reliable delivery; quality assurance; public speaking; stakeholder engagement; cross-functional collaboration; steady decision making.",73,83,66,44,42
"Machine Learning Intern resume. Bachelor of Technology. Skills: React, Java, Power BI, NLP, Git. Experience: delivered 1 projects. Highlights: creative experimentation; design thinking; attention to detail; organized planning; stakeholder engagement; community events; team support; cross-functional collaboration; adaptable execution; calm under pressure.",50,54,57,65,67
"Machine Learning Intern resume. Computer Science degree. Skills: NLP, Java, Docker, TensorFlow, Machine Learning. Experience: delivered 2 projects. Highlights: creative experimentation; curious research; learning new technologies; organized planning; team workshops; community events; mentoring peers; cross-functional collaboration; steady decision making; resilient problem solving; adaptable execution.",85,47,65,71,83
"Software Engineer resume. Master of Computer Applications. Skills: React, AWS, Machine Learning, Docker, Power BI, JavaScript, TensorFlow. Experience: delivered 2 projects. Highlights: innovative ideas; creative experimentation; learning new technologies; structured documentation; attention to detail; organized planning; public speaking; stakeholder engagement; team workshops; cross-functional collaboration; steady decision making; deadline management.",80,79,88,33,61
"Machine Learning Intern resume. Bachelor of Technology. Skills: Python, Node.js, Git, AWS. Experience: delivered 2 projects. Highlights: learning new technologies; curious research; innovative ideas; structured documentation; public speaking; team support; calm under pressure.",78,36,43,52,36
"Software Engineer resume. Bachelor of Science. Skills: NLP, Excel, AWS, Docker, Python, Node.js, Power BI, Machine Learning. Experience: delivered 5 projects. Highlights: design thinking; quality assurance; stakeholder engagement; client presentations; cross-functional collaboration; conflict resolution; steady decision making; calm under pressure.",42,43,67,60,67
"Data Analyst resume. Computer Science degree. Skills: Docker, Node.js, Git, SQL, AWS, Java. Experience: delivered 5 projects. Highlights: curious research; innovative ideas; reliable delivery; public speaking; stakeholder engagement; client presentations; cross-functional collaboration; empathetic communication; deadline management.",70,48,79,52,47
"Machine Learning Intern resume. Bachelor of Science. Skills: Docker, Java, TensorFlow, NLP, JavaScript, Node.js. Experience: delivered 4 projects. Highlights: innovative ideas; creative experimentation; curious research; reliable delivery; community events; stakeholder engagement; team support; deadline management.",69,47,58,42,39
"Web Developer resume. Bachelor of Science. Skills: React, NLP, Machine Learning, JavaScript, TensorFlow, Excel, Python, Git. Experience: delivered 4 projects. Highlights: learning new technologies; curious research; reliable delivery; stakeholder engagement; public speaking; mentoring peers; team support; calm under pressure.",49,48,60,52,58
"Product Associate resume. Computer Science degree. Skills: Git, NLP, C++, Java. Experience: delivered 5 projects. Highlights: learning new technologies; structured documentation; attention to detail; reliable delivery; public speaking; empathetic communication; team support; mentoring peers; resilient problem solving; deadline management; adaptable execution.",51,79,40,82,86
"Business Analyst resume. Bachelor of Science. Skills: SQL, Python, C++, Node.js, React, Machine Learning, NLP. Experience: delivered 4 projects. Highlights: design thinking; organized planning; quality assurance; structured documentation; public speaking; team workshops; conflict resolution; cross-functional collaboration; team support; deadline management; steady decision making.",34,83,63,74,59
"Machine Learning Intern resume. Computer Science degree. Skills: AWS, Git, Excel, React, Machine Learning, Java. Experience: delivered 1 projects. Highlights: design thinking; curious research; reliable delivery; organized planning; stakeholder engagement; client presentations; team support; mentoring peers; cross-functional collaboration; calm under pressure; resilient problem solving; deadline management.",64,70,62,76,76
"Data Analyst resume. Computer Science degree. Skills: JavaScript, AWS, Machine Learning, Docker, Git, React, Power BI, C++. Experience: delivered 4 projects. Highlights: creative experimentation; innovative ideas; organized planning; quality assurance; structured documentation; public speaking; client presentations; community events; empathetic communication; conflict resolution; adaptable execution; resilient problem solving.",61,80,74,65,57
"Business Analyst resume. Master of Computer Applications. Skills: JavaScript, AWS, Java, React, Git, SQL, Node.js, TensorFlow. Experience: delivered 5 projects. Highlights: design thinking; structured documentation; quality assurance; organized planning; team workshops; community events; stakeholder engagement; cross-functional collaboration; adaptable execution; calm under pressure.",30,84,82,47,61
"Product Associate resume. Computer Science degree. Skills: SQL, JavaScript, AWS, Power BI, Java, Machine Learning. Experience: delivered 5 projects. Highlights: innovative ideas; design thinking; structured documentation; attention to detail; reliable delivery; public speaking; client presentations; empathetic communication; team support; cross-functional collaboration; resilient problem solving.",58,76,53,72,40
"Machine Learning Intern resume. Bachelor of Technology. Skills: AWS, Java, Git, NLP, Python. Experience: delivered 4 projects. Highlights: learning new technologies; quality assurance; attention to detail; community events; team workshops; mentoring peers; team support; resilient problem solving.",50,70,65,57,48
"Business Analyst resume. Master of Computer Applications. Skills: Python, Excel, Java, React, Node.js, C++, TensorFlow, Power BI. Experience: delivered 2 projects. Highlights: learning new technologies; structured documentation; stakeholder engagement; community events; mentoring peers; conflict resolution; resilient problem solving; calm under pressure.",44,43,59,74,65
"Machine Learning Intern resume. Bachelor of Technology. Skills: Power BI, Java, TensorFlow, React. Experience: delivered 4 projects. Highlights: learning new technologies; creative experimentation; innovative ideas; organized planning; reliable delivery; community events; public speaking; conflict resolution; cross-functional collaboration; team support; deadline management; resilient problem solving; adaptable execution.",77,63,67,80,83
"Machine Learning Intern resume. Master of Computer Applications. Skills: Excel, React, Java, Python, NLP. Experience: delivered 5 projects. Highlights: curious research; attention to detail; reliable delivery; community events; mentoring peers; empathetic communication; adaptable execution.",44,50,41,60,31
"Web Developer resume. Computer Science degree. Skills: React, JavaScript, Power BI, AWS, C++. Experience: delivered 4 projects. Highlights: innovative ideas; design thinking; quality assurance; client presentations; team workshops; mentoring peers; cross-functional collaboration; empathetic communication; resilient problem solving.",72,46,52,74,56
"Software Engineer resume. Computer Science degree. Skills: AWS, NLP, Python, Power BI, SQL, Git, C++. Experience: delivered 2 projects. Highlights: learning new technologies; structured documentation; quality assurance; client presentations; community events; team workshops; conflict resolution; steady decision making; adaptable execution; resilient problem solving.",45,80,76,53,74
"Software Engineer resume. Bachelor of Technology. Skills: Python, SQL, TensorFlow, Git. Experience: delivered 2 projects. Highlights: innovative ideas; design thinking; quality assurance; community events; team workshops; conflict resolution; deadline management; steady decision making.",65,50,71,49,53
"Web Developer resume. Bachelor of Science. Skills: TensorFlow, C++, JavaScript, Python, Docker, Node.js. Experience: delivered 4 projects. Highlights: curious research; innovative ideas; attention to detail; reliable delivery; client presentations; team support; conflict resolution; calm under pressure.",61,67,40,60,45
"Web Developer resume. Bachelor of Science. Skills: Power BI, AWS, SQL, Docker. Experience: delivered 4 projects. Highlights: curious research; learning new technologies; creative experimentation; attention to detail; community events; team workshops; public speaking; mentoring peers; calm under pressure.",77,39,83,31,31
"Web Developer resume. Bachelor of Science. Skills: SQL, Machine Learning, NLP, Python, Excel. Experience: delivered 4 projects. Highlights: creative experimentation; organized planning; public speaking; community events; team support; resilient problem solving; deadline management; calm under pressure.",35,39,55,36,80
"Business Analyst resume. Master of Computer Applications. Skills: AWS, Excel, JavaScript, React, Node.js, SQL, Power BI. Experience: delivered 1 projects. Highlights: curious research; learning new technologies; quality assurance; structured documentation; organized planning; client presentations; cross-functional collaboration; empathetic communication; conflict resolution; adaptable execution; deadline management; resilient problem solving.",61,80,43,74,86
"Software Engineer resume. Master of Computer Applications. Skills: Git, TensorFlow, NLP, SQL, Machine Learning. Experience: delivered 3 projects. Highlights: design thinking; curious research; innovative ideas; structured documentation; public speaking; cross-functional collaboration; empathetic communication; deadline management; adaptable execution; calm under pressure.",73,50,50,67,75
"Machine Learning Intern resume. Computer Science degree. Skills: Python, C++, Excel, Docker, Machine Learning. Experience: delivered 4 projects. Highlights: design thinking; attention to detail; structured documentation; client presentations; community events; conflict resolution; cross-functional collaboration; calm under pressure; steady decision making.",42,61,66,60,57
"Web Developer resume. Computer Science degree. Skills: NLP, TensorFlow, Excel, Java, Power BI, SQL, Node.js. Experience: delivered 2 projects. Highlights: design thinking; curious research; learning new technologies; organized planning; reliable delivery; client presentations; conflict resolution; empathetic communication; cross-functional collaboration; adaptable execution; steady decision making.",74,53,42,73,64
"Software Engineer resume. Bachelor of Science. Skills: Python, Power BI, JavaScript, Java. Experience: delivered 4 projects. Highlights: learning new technologies; quality assurance; community events; cross-functional collaboration; team support; resilient problem solving.",37,54,30,56,38
"Business Analyst resume. Bachelor of Science. Skills: TensorFlow, SQL, Git, Excel, Machine Learning, AWS, Python, Power BI. Experience: delivered 3 projects. Highlights: innovative ideas; curious research; reliable delivery; attention to detail; public speaking; client presentations; cross-functional collaboration; team support; empathetic communication; steady decision making; calm under pressure; resilient problem solving.",62,69,71,80,76
"Data Analyst resume. Master of Computer Applications. Skills: AWS, Docker, JavaScript, Excel, Python, Machine Learning, Java. Experience: delivered 2 projects. Highlights: creative experimentation; attention to detail; community events; client presentations; stakeholder engagement; cross-functional collaboration; resilient problem solving; calm under pressure.",46,51,86,40,72
"Product Associate resume. Bachelor of Technology. Skills: Java, Node.js, Excel, C++, AWS, SQL, Machine Learning. Experience: delivered 3 projects. Highlights: design thinking; innovative ideas; organized planning; quality assurance; structured documentation; team workshops; client presentations; mentoring peers; calm under pressure.",61,84,58,45,30
"Business Analyst resume. Master of Computer Applications. Skills: JavaScript, Python, Docker, Java, React. Experience: delivered 1 projects. Highlights: design thinking; attention to detail; stakeholder engagement; public speaking; conflict resolution; mentoring peers; cross-functional collaboration; adaptable execution.",51,57,66,77,54
"Web Developer resume. Master of Computer Applications. Skills: C++, React, Machine Learning, Docker. Experience: delivered 4 projects. Highlights: innovative ideas; creative experimentation; attention to detail; community events; team workshops; stakeholder engagement; mentoring peers; cross-functional collaboration; conflict resolution; steady decision making; calm under pressure.",59,42,85,75,55
"Product Associate resume. Master of Computer Applications. Skills: Java, AWS, Excel, Docker, C++, TensorFlow. Experience: delivered 2 projects. Highlights: curious research; learning new technologies; creative experimentation; quality assurance; community events; client presentations; team workshops; empathetic communication; resilient problem solving; steady decision making.",82,38,67,49,74
"Product Associate resume. Master of Computer Applications. Skills: Machine Learning, AWS, Excel, React. Experience: delivered 4 projects. Highlights: design thinking; organized planning; team workshops; cross-functional collaboration; empathetic communication; mentoring peers; deadline management; steady decision making; resilient problem solving.",43,43,46,86,85
"Machine Learning Intern resume. Master of Computer Applications. Skills: AWS, Docker, Machine Learning, Python, TensorFlow. Experience: delivered 2 projects. Highlights: innovative ideas; quality assurance; client presentations; empathetic communication; steady decision making; resilient problem solving; calm under pressure.",55,44,42,47,79
"Web Developer resume. Bachelor of Technology. Skills: React, Java, Docker, AWS, TensorFlow. Experience: delivered 5 projects. Highlights: design thinking; attention to detail; organized planning; stakeholder engagement; client presentations; empathetic communication; cross-functional collaboration; calm under pressure; adaptable execution; deadline management.",28,60,60,64,88
"Product Associate resume. Computer Science degree. Skills: Python, JavaScript, NLP, Docker, Power BI, Git, C++. Experience: delivered 2 projects. Highlights: curious research; learning new technologies; creative experimentation; organized planning; public speaking; cross-functional collaboration; calm under pressure.",78,56,40,41,39
"Product Associate resume. Bachelor of Technology. Skills: TensorFlow, Node.js, Git, Docker, Machine Learning. Experience: delivered 1 projects. Highlights: learning new technologies; curious research; organized planning; community events; conflict resolution; adaptable execution.",57,43,47,52,46
"Software Engineer resume. Master of Computer Applications. Skills: AWS, NLP, Machine Learning, C++, Docker, Node.js, JavaScript. Experience: delivered 5 projects. Highlights: design thinking; attention to detail; organized planning; stakeholder engagement; team support; mentoring peers; adaptable execution.",51,58,50,64,47
"Data Analyst resume. Computer Science degree. Skills: Node.js, Machine Learning, Excel, Power BI, Python. Experience: delivered 3 projects. Highlights: learning new technologies; quality assurance; public speaking; team workshops; client presentations; cross-functional collaboration; resilient problem solving.",49,36,83,47,37
"Software Engineer resume. Computer Science degree. Skills: Node.js, JavaScript, Git, Python, SQL, Power BI, React, Machine Learning. Experience: delivered 1 projects. Highlights: innovative ideas; quality assurance; client presentations; team support; empathetic communication; conflict resolution; resilient problem solving; deadline management.",43,40,52,73,47
"Business Analyst resume. Bachelor of Technology. Skills: AWS, Power BI, TensorFlow, Docker. Experience: delivered 3 projects. Highlights: curious research; innovative ideas; organized planning; quality assurance; structured documentation; community events; empathetic communication; calm under pressure; steady decision making.",55,77,51,47,56
"Web Developer resume. Computer Science degree. Skills: Java, JavaScript, Docker, Node.js, Power BI, C++, NLP, Python. Experience: delivered 5 projects. Highlights: learning new technologies; structured documentation; reliable delivery; team workshops; conflict resolution; adaptable execution; steady decision making; calm under pressure.",50,50,44,46,86
"Web Developer resume. Master of Computer Applications. Skills: TensorFlow, SQL, Power BI, C++, Excel. Experience: delivered 4 projects. Highlights: curious research; quality assurance; client presentations; stakeholder engagement; community events; team support; cross-functional collaboration; resilient problem solving; steady decision making; adaptable execution.",41,45,68,53,74
"Business Analyst resume. Computer Science degree. Skills: Power BI, Docker, JavaScript, Java, Git, C++, AWS. Experience: delivered 1 projects. Highlights: creative experimentation; reliable delivery; public speaking; cross-functional collaboration; calm under pressure; adaptable execution; resilient problem solving.",34,48,49,47,76
"Web Developer resume. Bachelor of Technology. Skills: JavaScript, Power BI, SQL, Machine Learning, Excel, AWS, Git. Experience: delivered 4 projects. Highlights: curious research; design thinking; structured documentation; organized planning; quality assurance; public speaking; client presentations; team support; conflict resolution; cross-functional collaboration; calm under pressure; steady decision making; adaptable execution.",66,83,71,77,78
"Product Associate resume. Bachelor of Science. Skills: React, SQL, Python, Docker, NLP, Machine Learning. Experience: delivered 1 projects. Highlights: creative experimentation; design thinking; curious research; attention to detail; team workshops; stakeholder engagement; public speaking; conflict resolution; team support; steady decision making.",74,50,68,53,37
"Product Associate resume. Master of Computer Applications. Skills: SQL, Git, C++, Node.js, Docker, Java. Experience: delivered 1 projects. Highlights: design thinking; learning new technologies; attention to detail; client presentations; community events; empathetic communication; resilient problem solving.",58,35,61,44,42
"Software Engineer resume. Master of Computer Applications. Skills: NLP, Python, JavaScript, Power BI, TensorFlow, SQL. Experience: delivered 5 projects. Highlights: learning new technologies; innovative ideas; creative experimentation; structured documentation; organized planning; public speaking; stakeholder engagement; mentoring peers; steady decision making; resilient problem solving.",77,75,54,44,54
"Web Developer resume. Bachelor of Science. Skills: Machine Learning, NLP, C++, Java. Experience: delivered 1 projects. Highlights: creative experimentation; learning new technologies; quality assurance; structured documentation; reliable delivery; stakeholder engagement; team workshops; community events; team support; calm under pressure; deadline management.",57,81,77,56,68
"Business Analyst resume. Master of Computer Applications. Skills: Node.js, AWS, Power BI, SQL, Excel, Docker, Machine Learning, NLP. Experience: delivered 3 projects. Highlights: curious research; design thinking; creative experimentation; structured documentation; organized planning; stakeholder engagement; empathetic communication; resilient problem solving.",90,63,53,44,48
"Data Analyst resume. Master of Computer Applications. Skills: C++, AWS, Docker, Node.js, Excel, Git, NLP, Python. Experience: delivered 4 projects. Highlights: design thinking; learning new technologies; organized planning; structured documentation; team workshops; empathetic communication; cross-functional collaboration; mentoring peers; adaptable execution; calm under pressure; resilient problem solving.",69,76,38,82,82
"Data Analyst resume. Bachelor of Science. Skills: Node.js, Java, Git, Power BI, TensorFlow, SQL. Experience: delivered 3 projects. Highlights: learning new technologies; organized planning; structured documentation; attention to detail; team workshops; client presentations; public speaking; mentoring peers; team support; empathetic communication; calm under pressure; steady decision making; resilient problem solving.",42,72,76,78,80
"Data Analyst resume. Bachelor of Technology. Skills: SQL, Node.js, Power BI, Machine Learning, Docker. Experience: delivered 2 projects. Highlights: learning new technologies; creative experimentation; design thinking; structured documentation; attention to detail; stakeholder engagement; community events; public speaking; team support; cross-functional collaboration; adaptable execution.",82,64,85,47,54
"Web Developer resume. Bachelor of Technology. Skills: Java, Git, Machine Learning, Docker, TensorFlow, SQL. Experience: delivered 2 projects. Highlights: learning new technologies; organized planning; public speaking; empathetic communication; steady decision making.",43,41,37,50,34
"Web Developer resume. Bachelor of Science. Skills: Java, NLP, Excel, React, Power BI. Experience: delivered 2 projects. Highlights: learning new technologies; innovative ideas; reliable delivery; attention to detail; public speaking; client presentations; team workshops; cross-functional collaboration; mentoring peers; calm under pressure.",61,60,71,60,45
"Machine Learning Intern resume. Computer Science degree. Skills: Power BI, C++, TensorFlow, Node.js, Docker, Excel. Experience: delivered 3 projects. Highlights: creative experimentation; structured documentation; attention to detail; reliable delivery; team workshops; client presentations; empathetic communication; team support; adaptable execution.",53,71,63,67,28
"Web Developer resume. Master of Computer Applications. Skills: TensorFlow, SQL, Git, Java, AWS, Node.js. Experience: delivered 3 projects. Highlights: design thinking; structured documentation; organized planning; client presentations; conflict resolution; team support; mentoring peers; adaptable execution; steady decision making.",40,63,53,77,67
"Machine Learning Intern resume. Bachelor of Science. Skills: Node.js, C++, Docker, Excel, Power BI, Python, React. Experience: delivered 5 projects. Highlights: curious research; attention to detail; quality assurance; organized planning; community events; stakeholder engagement; public speaking; team support; empathetic communication; conflict resolution; calm under pressure.",51,79,75,71,49
"Product Associate resume. Master of Computer Applications. Skills: TensorFlow, SQL, React, AWS, Excel, Node.js. Experience: delivered 3 projects. Highlights: design thinking; innovative ideas; creative experimentation; quality assurance; attention to detail; structured documentation; client presentations; stakeholder engagement; empathetic communication; team support; mentoring peers; adaptable execution; resilient problem solving.",76,89,63,66,50
"Business Analyst resume. Computer Science degree. Skills: Node.js, Docker, Python, JavaScript, Power BI, React, AWS, Java. Experience: delivered 2 projects. Highlights: learning new technologies; organized planning; quality assurance; attention to detail; team workshops; conflict resolution; cross-functional collaboration; deadline management.",47,69,51,64,40
"Data Analyst resume. Computer Science degree. Skills: NLP, Excel, JavaScript, Git, SQL. Experience: delivered 4 projects. Highlights: learning new technologies; innovative ideas; attention to detail; reliable delivery; structured documentation; client presentations; cross-functional collaboration; mentoring peers; empathetic communication; resilient problem solving.",59,77,42,85,33
"Product Associate resume. Master of Computer Applications. Skills: Power BI, AWS, Node.js, JavaScript, SQL. Experience: delivered 2 projects. Highlights: creative experimentation; curious research; reliable delivery; organized planning; public speaking; team workshops; cross-functional collaboration; conflict resolution; resilient problem solving.",61,62,64,65,32
"Software Engineer resume. Bachelor of Science. Skills: C++, Git, AWS, React, JavaScript, Docker. Experience: delivered 2 projects. Highlights: design thinking; quality assurance; community events; team support; deadline management; resilient problem solving.",47,36,48,53,59
"Web Developer resume. Bachelor of Technology. Skills: NLP, Python, TensorFlow, SQL. Experience: delivered 1 projects. Highlights: design thinking; curious research; creative experimentation; reliable delivery; client presentations; mentoring peers; team support; conflict resolution; adaptable execution.",77,44,50,78,39
"Software Engineer resume. Bachelor of Technology. Skills: NLP, Power BI, JavaScript, Docker, SQL, Machine Learning, TensorFlow, Node.js. Experience: delivered 4 projects. Highlights: creative experimentation; innovative ideas; curious research; attention to detail; team workshops; client presentations; team support; mentoring peers; calm under pressure; steady decision making.",83,47,63,68,51
"Software Engineer resume. Bachelor of Technology. Skills: C++, React, Power BI, Git, AWS, Java, Python. Experience: delivered 1 projects. Highlights: design thinking; attention to detail; reliable delivery; structured documentation; stakeholder engagement; team support; empathetic communication; cross-functional collaboration; adaptable execution.",45,69,47,81,50
"Product Associate resume. Bachelor of Technology. Skills: Python, SQL, JavaScript, C++, Node.js, AWS, NLP. Experience: delivered 1 projects. Highlights: design thinking; creative experimentation; organized planning; reliable delivery; structured documentation; team workshops; stakeholder engagement; team support; steady decision making.",78,76,67,43,40
"Product Associate resume. Computer Science degree. Skills: SQL, Docker, Java, Git, Node.js. Experience: delivered 4 projects. Highlights: curious research; innovative ideas; design thinking; structured documentation; community events; team support; calm under pressure; steady decision making; resilient problem solving.",83,38,39,49,78
"Software Engineer resume. Computer Science degree. Skills: Docker, Excel, AWS, NLP, Python, JavaScript, Git, Machine Learning. Experience: delivered 4 projects. Highlights: creative experimentation; curious research; design thinking; structured documentation; community events; mentoring peers; adaptable execution; deadline management; calm under pressure.",78,40,41,46,82
"Business Analyst resume. Bachelor of Technology. Skills: TensorFlow, Power BI, React, Git, AWS, Docker, JavaScript. Experience: delivered 1 projects. Highlights: creative experimentation; quality assurance; community events; conflict resolution; empathetic communication; team support; steady decision making; calm under pressure.",37,42,52,80,56
"Software Engineer resume. Computer Science degree. Skills: TensorFlow, Docker, Java, React, SQL, Git, NLP, Machine Learning. Experience: delivered 4 projects. Highlights: curious research; creative experimentation; design thinking; reliable delivery; team workshops; public speaking; team support; cross-functional collaboration; adaptable execution; resilient problem solving.",74,46,55,66,51
"Product Associate resume. Master of Computer Applications. Skills: React, TensorFlow, Java, Git, AWS, Excel, Python, C++. Experience: delivered 5 projects. Highlights: creative experimentation; design thinking; structured documentation; stakeholder engagement; client presentations; conflict resolution; cross-functional collaboration; mentoring peers; adaptable execution; steady decision making; deadline management.",48,43,67,77,73
"Business Analyst resume. Bachelor of Science. Skills: JavaScript, Java, Power BI, Excel, Docker, SQL, Node.js. Experience: delivered 2 projects. Highlights: innovative ideas; learning new technologies; creative experimentation; organized planning; attention to detail; quality assurance; public speaking; community events; stakeholder engagement; team support; conflict resolution; calm under pressure; adaptable execution; deadline management.",89,72,81,64,81
"Business Analyst resume. Computer Science degree. Skills: Machine Learning, JavaScript, Git, Python, C++, Power BI, TensorFlow, Docker. Experience: delivered 5 projects. Highlights: curious research; reliable delivery; organized planning; stakeholder engagement; cross-functional collaboration; conflict resolution; deadline management; adaptable execution; steady decision making.",48,60,43,63,84
"Product Associate resume. Master of Computer Applications. Skills: Docker, AWS, Node.js, Git, JavaScript, TensorFlow. Experience: delivered 5 projects. Highlights: curious research; creative experimentation; design thinking; quality assurance; community events; public speaking; stakeholder engagement; mentoring peers; conflict resolution; team support; resilient problem solving.",78,44,76,75,46
"Product Associate resume. Bachelor of Technology. Skills: NLP, C++, TensorFlow, Power BI, Docker, Machine Learning, Node.js. Experience: delivered 5 projects. Highlights: curious research; design thinking; attention to detail; reliable delivery; structured documentation; public speaking; team workshops; community events; empathetic communication; team support; calm under pressure; steady decision making; deadline management.",53,79,82,72,71
"Business Analyst resume. Bachelor of Technology. Skills: Java, Python, Power BI, Node.js, React. Experience: delivered 3 projects. Highlights: creative experimentation; attention to detail; public speaking; team workshops; team support; steady decision making.",36,40,57,38,39
"Business Analyst resume. Computer Science degree. Skills: Machine Learning, Python, Java, Power BI, Node.js, React. Experience: delivered 2 projects. Highlights: design thinking; curious research; quality assurance; stakeholder engagement; team workshops; public speaking; team support; cross-functional collaboration; empathetic communication; deadline management; adaptable execution; steady decision making.",64,34,74,80,83
"Software Engineer resume. Master of Computer Applications. Skills: Machine Learning, Node.js, JavaScript, Excel, NLP, Java. Experience: delivered 4 projects. Highlights: design thinking; curious research; innovative ideas; attention to detail; reliable delivery; quality assurance; team workshops; client presentations; stakeholder engagement; empathetic communication; cross-functional collaboration; conflict resolution; calm under pressure; deadline management.",77,74,81,74,56
"Data Analyst resume. Bachelor of Science. Skills: Excel, Power BI, AWS, Machine Learning. Experience: delivered 5 projects. Highlights: design thinking; creative experimentation; innovative ideas; quality assurance; public speaking; mentoring peers; adaptable execution; steady decision making.",83,49,44,49,54
"Business Analyst resume. Bachelor of Technology. Skills: Node.js, React, Excel, NLP, Machine Learning, Git. Experience: delivered 1 projects. Highlights: design thinking; quality assurance; structured documentation; organized planning; public speaking; team workshops; empathetic communication; steady decision making; adaptable execution.",40,88,67,45,64
"Machine Learning Intern resume. Bachelor of Science. Skills: Java, Excel, AWS, Machine Learning, Power BI, Git, NLP, Python. Experience: delivered 3 projects. Highlights: design thinking; curious research; creative experimentation; reliable delivery; structured documentation; client presentations; stakeholder engagement; team support; adaptable execution; steady decision making; calm under pressure.",76,54,61,52,76
"Product Associate resume. Master of Computer Applications. Skills: Java, Power BI, C++, Docker, TensorFlow, SQL, JavaScript, Python. Experience: delivered 1 projects. Highlights: design thinking; creative experimentation; organized planning; team workshops; empathetic communication; deadline management; calm under pressure; adaptable execution.",68,42,39,48,85
"Web Developer resume. Bachelor of Technology. Skills: Git, TensorFlow, Docker, Excel, AWS, Python, Power BI. Experience: delivered 5 projects. Highlights: innovative ideas; quality assurance; client presentations; conflict resolution; resilient problem solving; steady decision making; adaptable execution.",35,44,35,39,80
"Data Analyst resume. Bachelor of Science. Skills: Docker, Java, TensorFlow, Python, Git, JavaScript, Machine Learning. Experience: delivered 4 projects. Highlights: design thinking; organized planning; quality assurance; attention to detail; community events; client presentations; team workshops; team support; cross-functional collaboration; empathetic communication; deadline management.",30,76,79,72,41
"Product Associate resume. Bachelor of Science. Skills: Machine Learning, C++, SQL, Node.js, React, AWS, TensorFlow. Experience: delivered 2 projects. Highlights: innovative ideas; design thinking; creative experimentation; quality assurance; attention to detail; client presentations; cross-functional collaboration; conflict resolution; team support; adaptable execution.",86,70,54,77,35
"Software Engineer resume. Bachelor of Science. Skills: Node.js, TensorFlow, SQL, C++. Experience: delivered 5 projects. Highlights: creative experimentation; attention to detail; community events; client presentations; public speaking; mentoring peers; adaptable execution.",44,40,74,50,51
"Machine Learning Intern resume. Computer Science degree. Skills: Power BI, NLP, JavaScript, Java, C++, AWS. Experience: delivered 2 projects. Highlights: curious research; creative experimentation; reliable delivery; organized planning; team workshops; public speaking; mentoring peers; deadline management; steady decision making; adaptable execution.",70,56,54,44,74
"Web Developer resume. Bachelor of Technology. Skills: Excel, Node.js, Git, Machine Learning, SQL, JavaScript. Experience: delivered 3 projects. Highlights: learning new technologies; reliable delivery; quality assurance; team workshops; team support; mentoring peers; empathetic communication; deadline management.",34,58,47,88,51
"Business Analyst resume. Computer Science degree. Skills: C++, Python, Machine Learning, Node.js, Excel. Experience: delivered 2 projects. Highlights: creative experimentation; organized planning; quality assurance; community events; cross-functional collaboration; adaptable execution; deadline management; steady decision making.",39,72,49,51,77
"Web Developer resume. Bachelor of Science. Skills: Git, JavaScript, Java, NLP, Power BI. Experience: delivered 4 projects. Highlights: innovative ideas; curious research; structured documentation; organized planning; stakeholder engagement; team support; cross-functional collaboration; conflict resolution; resilient problem solving; adaptable execution; steady decision making.",54,57,51,80,73
"Web Developer resume. Master of Computer Applications. Skills: Git, C++, Python, Excel, TensorFlow, AWS, SQL. Experience: delivered 3 projects. Highlights: curious research; creative experimentation; reliable delivery; public speaking; empathetic communication; cross-functional collaboration; team support; resilient problem solving; steady decision making.",52,36,49,92,60
"Data Analyst resume. Computer Science degree. Skills: Git, Excel, C++, NLP, Python, Machine Learning. Experience: delivered 2 projects. Highlights: learning new technologies; innovative ideas; design thinking; organized planning; reliable delivery; stakeholder engagement; team workshops; conflict resolution; deadline management; steady decision making.",77,69,72,46,60
"Data Analyst resume. Bachelor of Science. Skills: Excel, AWS, Power BI, SQL, Git, TensorFlow, NLP. Experience: delivered 4 projects. Highlights: curious research; attention to detail; team workshops; community events; team support; cross-functional collaboration; conflict resolution; resilient problem solving.",48,44,65,80,49
"Product Associate resume. Bachelor of Technology. Skills: JavaScript, Node.js, C++, Machine Learning. Experience: delivered 3 projects. Highlights: design thinking; attention to detail; team workshops; conflict resolution; calm under pressure; resilient problem solving.",35,45,38,48,70
"Business Analyst resume. Bachelor of Technology. Skills: Power BI, TensorFlow, AWS, Git, NLP. Experience: delivered 2 projects. Highlights: learning new technologies; attention to detail; team workshops; stakeholder engagement; conflict resolution; empathetic communication; team support; resilient problem solving; steady decision making.",39,43,62,66,61
"Business Analyst resume. Bachelor of Technology. Skills: Python, Excel, Machine Learning, Java, SQL, TensorFlow, Git, JavaScript. Experience: delivered 4 projects. Highlights: curious research; learning new technologies; attention to detail; organized planning; team workshops; mentoring peers; adaptable execution.",59,64,54,38,41
"Machine Learning Intern resume. Computer Science degree. Skills: Node.js, Git, Excel, React, SQL. Experience: delivered 3 projects. Highlights: design thinking; learning new technologies; attention to detail; structured documentation; stakeholder engagement; public speaking; conflict resolution; adaptable execution; calm under pressure; resilient problem solving.",68,60,59,37,79
"Machine Learning Intern resume. Computer Science degree. Skills: SQL, JavaScript, Docker, TensorFlow, NLP, Node.js. Experience: delivered 5 projects. Highlights: creative experimentation; quality assurance; community events; client presentations; public speaking; cross-functional collaboration; mentoring peers; team support; resilient problem solving; steady decision making; adaptable execution.",45,29,73,84,83
"Software Engineer resume. Bachelor of Science. Skills: Power BI, JavaScript, TensorFlow, SQL, React, Git, Java. Experience: delivered 5 projects. Highlights: curious research; learning new technologies; quality assurance; structured documentation; organized planning; public speaking; conflict resolution; mentoring peers; empathetic communication; steady decision making; adaptable execution.",55,74,55,78,57
"Product Associate resume. Master of Computer Applications. Skills: AWS, SQL, NLP, Python, Docker. Experience: delivered 5 projects. Highlights: creative experimentation; curious research; structured documentation; organized planning; quality assurance; team workshops; stakeholder engagement; conflict resolution; mentoring peers; calm under pressure; adaptable execution; resilient problem solving.",64,91,57,73,78
"Machine Learning Intern resume. Computer Science degree. Skills: JavaScript, TensorFlow, Python, AWS, React, Excel, C++, SQL. Experience: delivered 3 projects. Highlights: learning new technologies; organized planning; attention to detail; reliable delivery; community events; team support; empathetic communication; cross-functional collaboration; adaptable execution; resilient problem solving.",42,86,48,77,61
"Software Engineer resume. Master of Computer Applications. Skills: NLP, React, Git, Docker, C++. Experience: delivered 2 projects. Highlights: design thinking; creative experimentation; innovative ideas; organized planning; quality assurance; community events; public speaking; conflict resolution; team support; empathetic communication; steady decision making.",79,54,56,77,50
"Business Analyst resume. Bachelor of Technology. Skills: NLP, Git, Excel, React, AWS, Java, C++. Experience: delivered 4 projects. Highlights: design thinking; innovative ideas; reliable delivery; organized planning; community events; team support; conflict resolution; deadline management.",66,65,36,69,39
"Software Engineer resume. Bachelor of Science. Skills: React, Node.js, SQL, Docker, TensorFlow, AWS. Experience: delivered 4 projects. Highlights: curious research; attention to detail; public speaking; mentoring peers; team support; adaptable execution; calm under pressure; steady decision making.",42,55,37,60,71
"Data Analyst resume. Bachelor of Technology. Skills: React, Java, C++, NLP, AWS. Experience: delivered 1 projects. Highlights: curious research; design thinking; structured documentation; attention to detail; team workshops; empathetic communication; team support; resilient problem solving.",56,57,45,70,51
"Business Analyst resume. Computer Science degree. Skills: Docker, React, Excel, NLP, JavaScript, Python. Experience: delivered 4 projects. Highlights: creative experimentation; quality assurance; organized planning; attention to detail; public speaking; community events; team workshops; conflict resolution; team support; deadline management; resilient problem solving; steady decision making.",38,85,76,65,65
"Business Analyst resume. Master of Computer Applications. Skills: NLP, SQL, AWS, Excel, C++, Node.js, JavaScript. Experience: delivered 2 projects. Highlights: curious research; learning new technologies; organized planning; community events; stakeholder engagement; team support; cross-functional collaboration; calm under pressure; resilient problem solving.",65,35,64,62,59
"Web Developer resume. Master of Computer Applications. Skills: JavaScript, NLP, C++, Java, TensorFlow, React, SQL. Experience: delivered 2 projects. Highlights: curious research; structured documentation; quality assurance; team workshops; stakeholder engagement; public speaking; team support; conflict resolution; deadline management; steady decision making.",57,65,74,55,58
"Product Associate resume. Bachelor of Technology. Skills: Power BI, AWS, Excel, Git, Node.js, TensorFlow, Machine Learning, Python. Experience: delivered 2 projects. Highlights: curious research; learning new technologies; organized planning; attention to detail; stakeholder engagement; community events; empathetic communication; adaptable execution.",76,52,50,44,44
"Business Analyst resume. Bachelor of Science. Skills: Docker, SQL, AWS, TensorFlow. Experience: delivered 5 projects. Highlights: creative experimentation; structured documentation; public speaking; team support; conflict resolution; steady decision making; adaptable execution; resilient problem solving.",40,49,49,69,79
"Web Developer resume. Computer Science degree. Skills: Java, JavaScript, TensorFlow, AWS, Docker. Experience: delivered 1 projects. Highlights: innovative ideas; design thinking; reliable delivery; structured documentation; quality assurance; stakeholder engagement; client presentations; team workshops; conflict resolution; team support; deadline management.",71,79,77,66,48
"Web Developer resume. Master of Computer Applications. Skills: Machine Learning, Git, Docker, JavaScript, Power BI, Python, TensorFlow, React. Experience: delivered 1 projects. Highlights: innovative ideas; reliable delivery; public speaking; stakeholder engagement; team support; deadline management; steady decision making.",40,45,61,39,49
"Machine Learning Intern resume. Bachelor of Science. Skills: Excel, SQL, Java, Node.js, NLP, JavaScript, C++, Docker. Experience: delivered 2 projects. Highlights: creative experimentation; structured documentation; community events; client presentations; cross-functional collaboration; deadline management.",43,43,58,34,37
"Business Analyst resume. Master of Computer Applications. Skills: Git, JavaScript, Power BI, Machine Learning, Java, NLP, C++, Docker. Experience: delivered 3 projects. Highlights: curious research; design thinking; creative experimentation; organized planning; public speaking; community events; mentoring peers; conflict resolution; team support; steady decision making.",78,62,70,73,41
"Web Developer resume. Computer Science degree. Skills: Java, Excel, JavaScript, AWS, Node.js, Git, Machine Learning, Python. Experience: delivered 4 projects. Highlights: innovative ideas; design thinking; structured documentation; reliable delivery; team workshops; team support; calm under pressure; adaptable execution.",60,61,48,36,62
"Product Associate resume. Bachelor of Science. Skills: JavaScript, Power BI, Java, TensorFlow, Docker. Experience: delivered 3 projects. Highlights: design thinking; attention to detail; client presentations; public speaking; community events; mentoring peers; conflict resolution; deadline management.",47,31,84,63,54
"Product Associate resume. Master of Computer Applications. Skills: Node.js, SQL, TensorFlow, Git, NLP. Experience: delivered 5 projects. Highlights: design thinking; reliable delivery; quality assurance; community events; public speaking; team workshops; empathetic communication; calm under pressure; resilient problem solving.",34,65,71,52,67
"Data Analyst resume. Master of Computer Applications. Skills: Power BI, Python, React, SQL, JavaScript, Java, Git. Experience: delivered 4 projects. Highlights: creative experimentation; design thinking; attention to detail; client presentations; public speaking; team support; resilient problem solving.",60,45,56,38,43
"Software Engineer resume. Bachelor of Science. Skills: React, Java, Node.js, Docker, Python. Experience: delivered 4 projects. Highlights: creative experimentation; reliable delivery; organized planning; structured documentation; client presentations; public speaking; mentoring peers; cross-functional collaboration; adaptable execution; deadline management.",60,89,64,61,71
"Machine Learning Intern resume. Computer Science degree. Skills: Power BI, Machine Learning, Java, SQL. Experience: delivered 3 projects. Highlights: curious research; learning new technologies; innovative ideas; organized planning; attention to detail; stakeholder engagement; mentoring peers; team support; empathetic communication; resilient problem solving.",91,58,46,87,32
"Software Engineer resume. Computer Science degree. Skills: Docker, Excel, React, Python. Experience: delivered 5 projects. Highlights: creative experimentation; attention to detail; structured documentation; public speaking; cross-functional collaboration; empathetic communication; mentoring peers; adaptable execution.",41,56,39,76,45
"Product Associate resume. Bachelor of Science. Skills: TensorFlow, JavaScript, Power BI, Machine Learning, SQL, Java. Experience: delivered 3 projects. Highlights: curious research; structured documentation; organized planning; community events; public speaking; stakeholder engagement; cross-functional collaboration; calm under pressure.",41,55,80,49,51
"Web Developer resume. Computer Science degree. Skills: NLP, JavaScript, Machine Learning, AWS, Power BI. Experience: delivered 3 projects. Highlights: learning new technologies; curious research; organized planning; structured documentation; attention to detail; team workshops; public speaking; client presentations; mentoring peers; conflict resolution; team support; steady decision making; deadline management.",73,83,75,80,46
"Data Analyst resume. Master of Computer Applications. Skills: C++, Python, NLP, AWS, Excel. Experience: delivered 1 projects. Highlights: curious research; learning new technologies; design thinking; reliable delivery; quality assurance; stakeholder engagement; cross-functional collaboration; adaptable execution; deadline management.",67,62,36,34,73
"Data Analyst resume. Bachelor of Technology. Skills: Java, JavaScript, C++, Python. Experience: delivered 4 projects. Highlights: learning new technologies; curious research; innovative ideas; reliable delivery; quality assurance; stakeholder engagement; public speaking; cross-functional collaboration; calm under pressure; adaptable execution.",76,74,60,50,64
"Web Developer resume. Bachelor of Technology. Skills: Power BI, SQL, Python, React, TensorFlow, Git, Java, NLP. Experience: delivered 3 projects. Highlights: learning new technologies; structured documentation; community events; conflict resolution; team support; calm under pressure; steady decision making; adaptable execution.",49,43,34,73,78
"Web Developer resume. Bachelor of Science. Skills: Machine Learning, Docker, React, Excel, C++. Experience: delivered 5 projects. Highlights: creative experimentation; innovative ideas; quality assurance; organized planning; reliable delivery; client presentations; public speaking; cross-functional collaboration; empathetic communication; adaptable execution; calm under pressure; deadline management.",67,77,56,58,86
"Business Analyst resume. Master of Computer Applications. Skills: AWS, TensorFlow, JavaScript, Machine Learning, NLP, Git, C++, Power BI. Experience: delivered 3 projects. Highlights: learning new technologies; creative experimentation; innovative ideas; quality assurance; public speaking; stakeholder engagement; mentoring peers; cross-functional collaboration; conflict resolution; resilient problem solving; deadline management.",71,46,72,84,76
"Data Analyst resume. Master of Computer Applications. Skills: Node.js, NLP, Python, Machine Learning. Experience: delivered 1 projects. Highlights: innovative ideas; curious research; quality assurance; attention to detail; structured documentation; community events; public speaking; team workshops; mentoring peers; conflict resolution; deadline management; calm under pressure; steady decision making.",66,78,81,59,85
"Machine Learning Intern resume. Master of Computer Applications. Skills: Git, AWS, JavaScript, Excel. Experience: delivered 5 projects. Highlights: innovative ideas; quality assurance; community events; conflict resolution; empathetic communication; calm under pressure.",54,47,40,54,29
"Business Analyst resume. Master of Computer Applications. Skills: Excel, Git, JavaScript, Java, NLP, SQL. Experience: delivered 1 projects. Highlights: design thinking; structured documentation; community events; empathetic communication; calm under pressure.",53,55,47,55,37
"Machine Learning Intern resume. Bachelor of Science. Skills: Machine Learning, Python, AWS, C++, NLP, JavaScript. Experience: delivered 2 projects. Highlights: creative experimentation; innovative ideas; curious research; structured documentation; quality assurance; client presentations; team workshops; conflict resolution; calm under pressure; deadline management; adaptable execution.",78,74,58,46,82
"Product Associate resume. Computer Science degree. Skills: NLP, Power BI, Python, Machine Learning, Docker, Node.js, SQL. Experience: delivered 2 projects. Highlights: design thinking; quality assurance; organized planning; structured documentation; stakeholder engagement; public speaking; team workshops; empathetic communication; conflict resolution; steady decision making; calm under pressure.",41,78,84,58,62
"Machine Learning Intern resume. Master of Computer Applications. Skills: AWS, TensorFlow, NLP, SQL, Power BI, Docker, Excel. Experience: delivered 2 projects. Highlights: learning new technologies; design thinking; innovative ideas; quality assurance; team workshops; community events; empathetic communication; cross-functional collaboration; steady decision making.",82,39,67,72,49
"Data Analyst resume. Bachelor of Science. Skills: Excel, Power BI, SQL, C++, Python. Experience: delivered 3 projects. Highlights: innovative ideas; curious research; reliable delivery; structured documentation; community events; team workshops; stakeholder engagement; cross-functional collaboration; empathetic communication; conflict resolution; steady decision making.",61,62,71,77,33
"Product Associate resume. Bachelor of Science. Skills: Machine Learning, C++, Excel, Node.js, Java. Experience: delivered 1 projects. Highlights: learning new technologies; structured documentation; organized planning; public speaking; team workshops; community events; conflict resolution; resilient problem solving.",35,53,85,43,53
"Machine Learning Intern resume. Computer Science degree. Skills: TensorFlow, Node.js, C++, Excel, AWS, SQL, Python. Experience: delivered 2 projects. Highlights: innovative ideas; curious research; organized planning; reliable delivery; quality assurance; community events; public speaking; client presentations; mentoring peers; cross-functional collaboration; calm under pressure.",63,63,68,71,37
"Machine Learning Intern resume. Master of Computer Applications. Skills: Node.js, AWS, Git, Docker, JavaScript, Python, Java, Machine Learning. Experience: delivered 2 projects. Highlights: learning new technologies; creative experimentation; attention to detail; quality assurance; community events; stakeholder engagement; public speaking; cross-functional collaboration; calm under pressure; resilient problem solving.",60,61,79,49,58
"Business Analyst resume. Bachelor of Science. Skills: SQL, Power BI, Docker, Machine Learning, TensorFlow. Experience: delivered 4 projects. Highlights: learning new technologies; creative experimentation; quality assurance; public speaking; empathetic communication; conflict resolution; mentoring peers; deadline management.",67,50,36,66,52
"Product Associate resume. Bachelor of Science. Skills: Machine Learning, TensorFlow, Excel, React, JavaScript, Node.js, C++, Java. Experience: delivered 5 projects. Highlights: design thinking; reliable delivery; structured documentation; community events; empathetic communication; conflict resolution; resilient problem solving.",53,64,41,57,50
"Data Analyst resume. Bachelor of Technology. Skills: Git, Power BI, TensorFlow, Java, Node.js, JavaScript. Experience: delivered 2 projects. Highlights: creative experimentation; attention to detail; reliable delivery; team workshops; cross-functional collaboration; team support; deadline management; adaptable execution.",45,46,41,73,67
"Product Associate resume. Computer Science degree. Skills: JavaScript, Machine Learning, NLP, Git, TensorFlow, AWS, C++. Experience: delivered 4 projects. Highlights: innovative ideas; quality assurance; community events; team workshops; public speaking; empathetic communication; conflict resolution; team support; calm under pressure; steady decision making; adaptable execution.",36,32,87,62,72
"Business Analyst resume. Computer Science degree. Skills: Excel, React, SQL, JavaScript, Git. Experience: delivered 3 projects. Highlights: learning new technologies; organized planning; public speaking; mentoring peers; resilient problem solving.",38,48,44,50,39
"Business Analyst resume. Computer Science degree. Skills: Machine Learning, C++, Docker, Power BI, Python. Experience: delivered 5 projects. Highlights: creative experimentation; learning new technologies; reliable delivery; stakeholder engagement; client presentations; conflict resolution; cross-functional collaboration; deadline management; adaptable execution; calm under pressure.",71,49,63,54,88
"Web Developer resume. Computer Science degree. Skills: Power BI, Machine Learning, JavaScript, Git. Experience: delivered 1 projects. Highlights: learning new technologies; design thinking; curious research; reliable delivery; structured documentation; organized planning; stakeholder engagement; team support; adaptable execution.",79,72,37,40,53
"Web Developer resume. Bachelor of Science. Skills: C++, Git, SQL, Node.js, AWS. Experience: delivered 1 projects. Highlights: design thinking; curious research; learning new technologies; structured documentation; reliable delivery; stakeholder engagement; cross-functional collaboration; resilient problem solving; deadline management; steady decision making.",84,68,35,45,86
"Data Analyst resume. Bachelor of Science. Skills: C++, AWS, NLP, TensorFlow, JavaScript. Experience: delivered 2 projects. Highlights: innovative ideas; organized planning; community events; stakeholder engagement; public speaking; conflict resolution; empathetic communication; deadline management; adaptable execution; calm under pressure.",32,37,83,64,76
"Data Analyst resume. Bachelor of Science. Skills: Git, Java, C++, Machine Learning, Python, NLP, Excel. Experience: delivered 5 projects. Highlights: innovative ideas; learning new technologies; curious research; attention to detail; organized planning; structured documentation; team workshops; cross-functional collaboration; team support; calm under pressure.",91,81,40,71,53
"Machine Learning Intern resume. Master of Computer Applications. Skills: Python, JavaScript, C++, TensorFlow, NLP, Power BI. Experience: delivered 1 projects. Highlights: creative experimentation; design thinking; learning new technologies; quality assurance; reliable delivery; community events; team workshops; cross-functional collaboration; empathetic communication; resilient problem solving; calm under pressure.",73,66,65,58,58
"Product Associate resume. Bachelor of Technology. Skills: C++, Python, SQL, Node.js, AWS, TensorFlow. Experience: delivered 4 projects. Highlights: innovative ideas; quality assurance; community events; team workshops; mentoring peers; adaptable execution.",47,42,58,49,44
"Web Developer resume. Master of Computer Applications. Skills: Python, SQL, NLP, Power BI, TensorFlow, Machine Learning, Java, Git. Experience: delivered 4 projects. Highlights: creative experimentation; innovative ideas; reliable delivery; community events; mentoring peers; empathetic communication; resilient problem solving.",68,41,47,66,50
"Web Developer resume. Bachelor of Science. Skills: React, Python, SQL, Java, Git, Excel. Experience: delivered 5 projects. Highlights: design thinking; innovative ideas; creative experimentation; quality assurance; structured documentation; community events; mentoring peers; conflict resolution; resilient problem solving; adaptable execution.",74,53,48,66,69
"Web Developer resume. Bachelor of Technology. Skills: Machine Learning, AWS, Excel, Python, SQL, Java, NLP, Docker. Experience: delivered 2 projects. Highlights: design thinking; curious research; organized planning; attention to detail; public speaking; team support; cross-functional collaboration; steady decision making; adaptable execution.",59,64,30,59,55
"Data Analyst resume. Master of Computer Applications. Skills: Node.js, NLP, Power BI, TensorFlow, AWS, Machine Learning, Java, Python. Experience: delivered 3 projects. Highlights: learning new technologies; organized planning; attention to detail; stakeholder engagement; team workshops; mentoring peers; team support; empathetic communication; deadline management; calm under pressure.",48,51,61,82,68
"Web Developer resume. Bachelor of Technology. Skills: NLP, SQL, Excel, Node.js, AWS. Experience: delivered 3 projects. Highlights: learning new technologies; quality assurance; team workshops; conflict resolution; adaptable execution; deadline management.",32,47,53,29,55
"Business Analyst resume. Bachelor of Technology. Skills: Excel, React, SQL, Git. Experience: delivered 4 projects. Highlights: learning new technologies; innovative ideas; attention to detail; community events; public speaking; empathetic communication; calm under pressure; steady decision making.",62,42,66,51,63
"Web Developer resume. Bachelor of Technology. Skills: Docker, Power BI, Machine Learning, SQL, Python, Node.js, TensorFlow. Experience: delivered 3 projects. Highlights: design thinking; innovative ideas; reliable delivery; team workshops; cross-functional collaboration; empathetic communication; resilient problem solving; calm under pressure.",71,32,45,55,57
"Machine Learning Intern resume. Bachelor of Science. Skills: Machine Learning, AWS, Excel, Git, TensorFlow, SQL. Experience: delivered 2 projects. Highlights: innovative ideas; creative experimentation; quality assurance; public speaking; empathetic communication; team support; resilient problem solving; adaptable execution; deadline management.",64,41,36,69,80
"Data Analyst resume. Bachelor of Technology. Skills: Power BI, Excel, Node.js, NLP, React. Experience: delivered 3 projects. Highlights: design thinking; organized planning; team workshops; conflict resolution; team support; mentoring peers; steady decision making; adaptable execution.",49,47,32,75,62
"Business Analyst resume. Master of Computer Applications. Skills: Power BI, NLP, Java, TensorFlow, Git. Experience: delivered 3 projects. Highlights: curious research; creative experimentation; design thinking; organized planning; quality assurance; stakeholder engagement; client presentations; cross-functional collaboration; mentoring peers; deadline management.",81,58,68,65,32
"Product Associate resume. Bachelor of Science. Skills: React, JavaScript, NLP, Node.js, AWS. Experience: delivered 3 projects. Highlights: design thinking; creative experimentation; structured documentation; community events; team workshops; client presentations; mentoring peers; cross-functional collaboration; empathetic communication; steady decision making; deadline management; resilient problem solving.",60,45,79,81,74
"Machine Learning Intern resume. Computer Science degree. Skills: JavaScript, Machine Learning, SQL, Docker, Excel, AWS, Java, TensorFlow. Experience: delivered 4 projects. Highlights: creative experimentation; learning new technologies; design thinking; reliable delivery; structured documentation; stakeholder engagement; team workshops; team support; conflict resolution; adaptable execution.",87,56,66,65,38
"Web Developer resume. Computer Science degree. Skills: Machine Learning, Power BI, React, JavaScript, TensorFlow, SQL. Experience: delivered 1 projects. Highlights: design thinking; curious research; learning new technologies; structured documentation; organized planning; public speaking; empathetic communication; mentoring peers; conflict resolution; adaptable execution.",70,69,43,79,55
"Web Developer resume. Bachelor of Technology. Skills: SQL, React, JavaScript, NLP. Experience: delivered 2 projects. Highlights: creative experimentation; learning new technologies; design thinking; reliable delivery; structured documentation; organized planning; community events; client presentations; conflict resolution; mentoring peers; steady decision making; deadline management.",68,81,67,58,70
"Data Analyst resume. Master of Computer Applications. Skills: SQL, NLP, Python, Java, Machine Learning, Docker. Experience: delivered 1 projects. Highlights: learning new technologies; design thinking; creative experimentation; attention to detail; public speaking; community events; conflict resolution; team support; deadline management.",76,43,64,74,53
"Data Analyst resume. Bachelor of Science. Skills: Power BI, Docker, Java, Excel, C++, Machine Learning. Experience: delivered 4 projects. Highlights: design thinking; innovative ideas; organized planning; reliable delivery; client presentations; empathetic communication; deadline management; adaptable execution; steady decision making.",54,73,41,37,82
"Software Engineer resume. Bachelor of Science. Skills: Power BI, Git, TensorFlow, Docker, JavaScript. Experience: delivered 4 projects. Highlights: learning new technologies; attention to detail; public speaking; team workshops; empathetic communication; cross-functional collaboration; calm under pressure; adaptable execution.",41,43,66,52,58
"Software Engineer resume. Bachelor of Technology. Skills: Git, Java, Power BI, React, Machine Learning, Node.js, Docker, AWS. Experience: delivered 5 projects. Highlights: design thinking; curious research; structured documentation; quality assurance; reliable delivery; stakeholder engagement; community events; team workshops; empathetic communication; conflict resolution; mentoring peers; adaptable execution; calm under pressure.",63,83,67,68,66
"Business Analyst resume. Bachelor of Technology. Skills: TensorFlow, Power BI, C++, Excel, SQL, Machine Learning, Node.js. Experience: delivered 3 projects. Highlights: learning new technologies; creative experimentation; attention to detail; reliable delivery; quality assurance; community events; client presentations; conflict resolution; adaptable execution; calm under pressure; deadline management.",62,81,52,47,71
"Business Analyst resume. Bachelor of Technology. Skills: Power BI, Node.js, C++, NLP, Java, Python, Git, JavaScript. Experience: delivered 3 projects. Highlights: design thinking; learning new technologies; quality assurance; reliable delivery; attention to detail; public speaking; team support; conflict resolution; resilient problem solving; calm under pressure.",70,93,41,63,61
"Web Developer resume. Bachelor of Science. Skills: Python, Power BI, SQL, NLP, JavaScript, Java. Experience: delivered 4 projects. Highlights: creative experimentation; curious research; innovative ideas; organized planning; reliable delivery; attention to detail; team workshops; conflict resolution; steady decision making; adaptable execution.",80,76,35,51,71
"Business Analyst resume. Master of Computer Applications. Skills: Excel, Docker, React, TensorFlow, Git, JavaScript, C++. Experience: delivered 1 projects. Highlights: curious research; learning new technologies; attention to detail; community events; cross-functional collaboration; team support; conflict resolution; resilient problem solving; adaptable execution; deadline management.",57,55,51,92,80
"Product Associate resume. Bachelor of Technology. Skills: TensorFlow, Power BI, Docker, Git, Node.js, JavaScript, Machine Learning. Experience: delivered 3 projects. Highlights: curious research; learning new technologies; design thinking; structured documentation; public speaking; stakeholder engagement; community events; conflict resolution; resilient problem solving.",79,48,79,43,41
"Web Developer resume. Bachelor of Science. Skills: Docker, Git, Excel, TensorFlow, React, NLP, Power BI, AWS. Experience: delivered 3 projects. Highlights: creative experimentation; design thinking; quality assurance; reliable delivery; stakeholder engagement; public speaking; team workshops; team support; conflict resolution; calm under pressure; steady decision making.",63,53,72,49,60
"Software Engineer resume. Bachelor of Technology. Skills: Power BI, Node.js, Java, React, Python. Experience: delivered 1 projects. Highlights: creative experimentation; learning new technologies; organized planning; community events; client presentations; public speaking; mentoring peers; steady decision making.",70,39,77,25,38
"Machine Learning Intern resume. Bachelor of Science. Skills: TensorFlow, SQL, C++, Git, Node.js, Docker, AWS. Experience: delivered 1 projects. Highlights: creative experimentation; design thinking; learning new technologies; quality assurance; attention to detail; structured documentation; community events; empathetic communication; cross-functional collaboration; team support; resilient problem solving; steady decision making; adaptable execution.",72,85,42,71,81
"Data Analyst resume. Bachelor of Technology. Skills: Docker, JavaScript, TensorFlow, Git, SQL, Java, Machine Learning, C++. Experience: delivered 4 projects. Highlights: innovative ideas; organized planning; reliable delivery; attention to detail; team workshops; mentoring peers; cross-functional collaboration; deadline management; resilient problem solving.",53,86,38,60,62
"Web Developer resume. Master of Computer Applications. Skills: TensorFlow, Docker, Node.js, JavaScript. Experience: delivered 4 projects. Highlights: creative experimentation; innovative ideas; curious research; organized planning; stakeholder engagement; empathetic communication; calm under pressure.",76,54,35,38,39
"Machine Learning Intern resume. Master of Computer Applications. Skills: Machine Learning, AWS, Java, TensorFlow, Node.js, Docker, Python, SQL. Experience: delivered 1 projects. Highlights: learning new technologies; design thinking; structured documentation; stakeholder engagement; client presentations; conflict resolution; empathetic communication; cross-functional collaboration; deadline management; adaptable execution; calm under pressure.",68,34,64,75,82
"Data Analyst resume. Bachelor of Science. Skills: C++, TensorFlow, Git, Power BI. Experience: delivered 1 projects. Highlights: curious research; design thinking; quality assurance; organized planning; attention to detail; team workshops; public speaking; stakeholder engagement; mentoring peers; calm under pressure; steady decision making; resilient problem solving.",59,84,79,55,71
"Software Engineer resume. Bachelor of Science. Skills: Python, AWS, Excel, Power BI, C++, Docker. Experience: delivered 5 projects. Highlights: learning new technologies; structured documentation; client presentations; public speaking; team workshops; conflict resolution; mentoring peers; cross-functional collaboration; calm under pressure.",44,33,86,73,49
"Software Engineer resume. Computer Science degree. Skills: Python, JavaScript, TensorFlow, C++, Node.js. Experience: delivered 5 projects. Highlights: design thinking; curious research; organized planning; quality assurance; reliable delivery; team workshops; stakeholder engagement; cross-functional collaboration; deadline management; calm under pressure; adaptable execution.",65,69,68,51,82
"Data Analyst resume. Bachelor of Technology. Skills: AWS, SQL, TensorFlow, NLP, Machine Learning, JavaScript, C++. Experience: delivered 5 projects. Highlights: learning new technologies; quality assurance; attention to detail; organized planning; team workshops; mentoring peers; steady decision making.",45,74,42,33,35
"Data Analyst resume. Bachelor of Technology. Skills: React, NLP, Python, JavaScript, SQL, Java, Docker. Experience: delivered 4 projects. Highlights: curious research; structured documentation; attention to detail; public speaking; conflict resolution; resilient problem solving.",46,53,44,40,44
"Product Associate resume. Bachelor of Science. Skills: JavaScript, TensorFlow, Node.js, Machine Learning, Git. Experience: delivered 2 projects. Highlights: design thinking; reliable delivery; stakeholder engagement; mentoring peers; resilient problem solving.",34,24,34,45,38
"Machine Learning Intern resume. Bachelor of Technology. Skills: SQL, NLP, AWS, Machine Learning, Power BI, React, Git, Java. Experience: delivered 2 projects. Highlights: learning new technologies; creative experimentation; innovative ideas; reliable delivery; quality assurance; attention to detail; client presentations; conflict resolution; empathetic communication; cross-functional collaboration; calm under pressure.",78,83,36,64,48
"Web Developer resume. Bachelor of Technology. Skills: AWS, NLP, Excel, Git, Python, SQL. Experience: delivered 5 projects. Highlights: learning new technologies; attention to detail; quality assurance; reliable delivery; client presentations; cross-functional collaboration; team support; empathetic communication; resilient problem solving; deadline management.",44,86,47,73,73
"Data Analyst resume. Bachelor of Technology. Skills: React, Power BI, TensorFlow, AWS, C++, SQL, Java. Experience: delivered 2 projects. Highlights: design thinking; organized planning; client presentations; team workshops; public speaking; mentoring peers; adaptable execution; steady decision making.",42,47,78,32,72
"Machine Learning Intern resume. Bachelor of Science. Skills: JavaScript, Docker, AWS, C++, Git, React, Excel. Experience: delivered 3 projects. Highlights: creative experimentation; learning new technologies; innovative ideas; structured documentation; organized planning; stakeholder engagement; empathetic communication; conflict resolution; adaptable execution.",80,64,47,58,54
"Business Analyst resume. Bachelor of Science. Skills: C++, Node.js, NLP, JavaScript, TensorFlow. Experience: delivered 5 projects. Highlights: innovative ideas; attention to detail; client presentations; stakeholder engagement; team workshops; mentoring peers; empathetic communication; steady decision making.",42,29,75,73,39
"Business Analyst resume. Bachelor of Science. Skills: React, AWS, Docker, NLP, C++. Experience: delivered 5 projects. Highlights: learning new technologies; curious research; quality assurance; stakeholder engagement; mentoring peers; team support; calm under pressure; deadline management.",63,46,37,59,62
"Data Analyst resume. Master of Computer Applications. Skills: Git, React, SQL, Machine Learning, Python, Docker, Java. Experience: delivered 3 projects. Highlights: design thinking; organized planning; structured documentation; community events; mentoring peers; deadline management; calm under pressure.",32,58,40,40,64
"Web Developer resume. Computer Science degree. Skills: Java, Power BI, Docker, JavaScript, AWS. Experience: delivered 1 projects. Highlights: innovative ideas; attention to detail; structured documentation; reliable delivery; community events; cross-functional collaboration; deadline management; adaptable execution.",48,76,36,31,61
"Business Analyst resume. Bachelor of Technology. Skills: SQL, Docker, AWS, Git. Experience: delivered 3 projects. Highlights: design thinking; creative experimentation; curious research; structured documentation; public speaking; team workshops; cross-functional collaboration; team support; mentoring peers; calm under pressure; steady decision making.",72,34,59,81,49
"Product Associate resume. Master of Computer Applications. Skills: AWS, C++, Node.js, Machine Learning, TensorFlow. Experience: delivered 1 projects. Highlights: creative experimentation; curious research; attention to detail; public speaking; team workshops; community events; cross-functional collaboration; mentoring peers; adaptable execution; resilient problem solving; steady decision making.",58,45,77,69,74
"Data Analyst resume. Master of Computer Applications. Skills: SQL, C++, Docker, JavaScript, Node.js, Java, NLP. Experience: delivered 1 projects. Highlights: design thinking; quality assurance; organized planning; stakeholder engagement; public speaking; mentoring peers; team support; calm under pressure; resilient problem solving.",33,58,61,54,67
"Software Engineer resume. Bachelor of Science. Skills: Git, Power BI, TensorFlow, Python, Node.js, React, SQL. Experience: delivered 5 projects. Highlights: design thinking; creative experimentation; curious research; structured documentation; community events; team workshops; mentoring peers; steady decision making.",83,43,68,41,47
"Machine Learning Intern resume. Master of Computer Applications. Skills: Git, AWS, Node.js, Python, JavaScript. Experience: delivered 4 projects. Highlights: innovative ideas; learning new technologies; design thinking; quality assurance; structured documentation; stakeholder engagement; public speaking; conflict resolution; empathetic communication; mentoring peers; resilient problem solving; steady decision making.",69,46,64,68,54
"Web Developer resume. Master of Computer Applications. Skills: JavaScript, Git, Node.js, AWS, C++, React, Machine Learning, Python. Experience: delivered 3 projects. Highlights: innovative ideas; attention to detail; quality assurance; reliable delivery; team workshops; empathetic communication; conflict resolution; cross-functional collaboration; calm under pressure; steady decision making.",39,68,44,77,70
"Web Developer resume. Master of Computer Applications. Skills: JavaScript, Python, Power BI, Machine Learning, Excel, AWS. Experience: delivered 4 projects. Highlights: design thinking; reliable delivery; organized planning; client presentations; stakeholder engagement; mentoring peers; empathetic communication; deadline management.",45,59,63,75,40
"Data Analyst resume. Computer Science degree. Skills: Node.js, Python, Docker, NLP. Experience: delivered 3 projects. Highlights: design thinking; structured documentation; reliable delivery; quality assurance; client presentations; stakeholder engagement; cross-functional collaboration; empathetic communication; team support; adaptable execution.",52,87,76,71,42
"Machine Learning Intern resume. Bachelor of Technology. Skills: Machine Learning, Docker, React, Git. Experience: delivered 3 projects. Highlights: curious research; quality assurance; attention to detail; public speaking; empathetic communication; cross-functional collaboration; mentoring peers; adaptable execution; deadline management; steady decision making.",45,57,38,72,74
"Machine Learning Intern resume. Bachelor of Science. Skills: Power BI, Git, C++, Docker, Java. Experience: delivered 4 projects. Highlights: learning new technologies; innovative ideas; organized planning; public speaking; community events; team workshops; team support; mentoring peers; adaptable execution; calm under pressure.",61,42,79,62,55
"Data Analyst resume. Bachelor of Science. Skills: TensorFlow, Node.js, Docker, JavaScript, Machine Learning, Git, Power BI. Experience: delivered 4 projects. Highlights: creative experimentation; curious research; design thinking; reliable delivery; structured documentation; community events; team support; cross-functional collaboration; conflict resolution; deadline management; calm under pressure; adaptable execution.",83,72,35,73,69
"Web Developer resume. Computer Science degree. Skills: JavaScript, Node.js, Java, TensorFlow. Experience: delivered 1 projects. Highlights: design thinking; reliable delivery; structured documentation; community events; stakeholder engagement; empathetic communication; calm under pressure.",55,70,69,41,54
"Machine Learning Intern resume. Bachelor of Technology. Skills: NLP, Docker, Node.js, TensorFlow, Power BI, Git, SQL. Experience: delivered 3 projects. Highlights: learning new technologies; curious research; creative experimentation; organized planning; reliable delivery; attention to detail; client presentations; conflict resolution; team support; adaptable execution.",80,67,59,62,50
"Business Analyst resume. Bachelor of Science. Skills: Python, Node.js, Java, Machine Learning, TensorFlow, SQL. Experience: delivered 2 projects. Highlights: learning new technologies; attention to detail; reliable delivery; organized planning; client presentations; team support; steady decision making; deadline management.",40,68,38,43,56
"Machine Learning Intern resume. Bachelor of Science. Skills: Machine Learning, Node.js, AWS, Git, Docker. Experience: delivered 1 projects. Highlights: design thinking; innovative ideas; curious research; reliable delivery; public speaking; community events; client presentations; conflict resolution; team support; cross-functional collaboration; calm under pressure.",87,33,76,83,44
"Product Associate resume. Master of Computer Applications. Skills: SQL, Java, JavaScript, Python. Experience: delivered 3 projects. Highlights: design thinking; quality assurance; community events; client presentations; mentoring peers; deadline management.",42,46,57,51,41
"Software Engineer resume. Bachelor of Technology. Skills: React, JavaScript, SQL, Docker, Excel. Experience: delivered 4 projects. Highlights: design thinking; innovative ideas; creative experimentation; reliable delivery; organized planning; client presentations; empathetic communication; conflict resolution; resilient problem solving; adaptable execution; deadline management.",79,57,47,62,70
"Business Analyst resume. Bachelor of Science. Skills: Excel, SQL, C++, Java. Experience: delivered 5 projects. Highlights: creative experimentation; design thinking; curious research; organized planning; reliable delivery; client presentations; cross-functional collaboration; steady decision making.",80,67,39,45,40
"Data Analyst resume. Bachelor of Technology. Skills: SQL, C++, NLP, Python, Machine Learning, React, Excel, Node.js. Experience: delivered 1 projects. Highlights: creative experimentation; attention to detail; public speaking; community events; team workshops; empathetic communication; conflict resolution; adaptable execution.",40,47,69,60,36
"Data Analyst resume. Computer Science degree. Skills: SQL, Excel, AWS, C++, Git, Power BI, Machine Learning. Experience: delivered 3 projects. Highlights: design thinking; attention to detail; structured documentation; client presentations; team workshops; stakeholder engagement; mentoring peers; conflict resolution; resilient problem solving; adaptable execution.",57,62,79,72,62
"Software Engineer resume. Computer Science degree. Skills: Machine Learning, Docker, Node.js, Java, React. Experience: delivered 3 projects. Highlights: creative experimentation; innovative ideas; curious research; organized planning; stakeholder engagement; public speaking; mentoring peers; team support; conflict resolution; deadline management.",77,53,70,82,34
"Business Analyst resume. Computer Science degree. Skills: SQL, AWS, React, Java, Excel. Experience: delivered 1 projects. Highlights: creative experimentation; structured documentation; stakeholder engagement; client presentations; community events; empathetic communication; mentoring peers; deadline management; calm under pressure; steady decision making.",45,28,78,67,77
"Product Associate resume. Bachelor of Science. Skills: Node.js, JavaScript, Excel, Git, SQL, TensorFlow, C++, Power BI. Experience: delivered 2 projects. Highlights: design thinking; quality assurance; reliable delivery; stakeholder engagement; public speaking; team workshops; conflict resolution; mentoring peers; deadline management.",42,65,82,63,50
"Product Associate resume. Computer Science degree. Skills: NLP, C++, SQL, Excel, TensorFlow, Machine Learning. Experience: delivered 2 projects. Highlights: learning new technologies; organized planning; team workshops; stakeholder engagement; public speaking; team support; resilient problem solving.",29,36,79,42,36
"Data Analyst resume. Master of Computer Applications. Skills: AWS, Java, Docker, Git, Power BI, Python, NLP. Experience: delivered 2 projects. Highlights: innovative ideas; quality assurance; reliable delivery; structured documentation; community events; client presentations; cross-functional collaboration; mentoring peers; calm under pressure; deadline management.",55,74,66,65,70
"Business Analyst resume. Master of Computer Applications. Skills: Java, JavaScript, Machine Learning, Python, Docker, Node.js, Git, TensorFlow. Experience: delivered 3 projects. Highlights: learning new technologies; design thinking; organized planning; structured documentation; community events; conflict resolution; adaptable execution; deadline management; resilient problem solving.",63,55,37,51,75
"Data Analyst resume. Master of Computer Applications. Skills: AWS, C++, Docker, Java, Python, React, NLP. Experience: delivered 5 projects. Highlights: curious research; innovative ideas; reliable delivery; community events; cross-functional collaboration; team support; empathetic communication; calm under pressure.",56,36,45,65,37
"Machine Learning Intern resume. Computer Science degree. Skills: NLP, Machine Learning, Docker, Node.js, Python, Git, TensorFlow. Experience: delivered 5 projects. Highlights: innovative ideas; attention to detail; organized planning; reliable delivery; public speaking; cross-functional collaboration; deadline management.",35,77,39,44,42
"Data Analyst resume. Master of Computer Applications. Skills: Docker, React, Git, TensorFlow, SQL, Machine Learning. Experience: delivered 3 projects. Highlights: creative experimentation; curious research; reliable delivery; structured documentation; community events; public speaking; empathetic communication; adaptable execution; steady decision making.",66,53,72,45,65
"Product Associate resume. Bachelor of Science. Skills: NLP, Excel, Machine Learning, Git. Experience: delivered 3 projects. Highlights: design thinking; organized planning; community events; client presentations; conflict resolution; team support; steady decision making.",35,44,73,59,44
"Web Developer resume. Computer Science degree. Skills: JavaScript, Python, TensorFlow, Power BI, Machine Learning, C++, Git, React. Experience: delivered 3 projects. Highlights: innovative ideas; learning new technologies; design thinking; quality assurance; public speaking; team workshops; stakeholder engagement; mentoring peers; steady decision making; deadline management.",85,36,73,56,61
"Machine Learning Intern resume. Bachelor of Science. Skills: TensorFlow, React, Docker, Node.js. Experience: delivered 3 projects. Highlights: design thinking; creative experimentation; innovative ideas; attention to detail; reliable delivery; stakeholder engagement; team workshops; client presentations; empathetic communication; team support; conflict resolution; deadline management; steady decision making.",79,63,71,91,66
"Software Engineer resume. Master of Computer Applications. Skills: React, JavaScript, Node.js, Java. Experience: delivered 3 projects. Highlights: creative experimentation; curious research; design thinking; organized planning; attention to detail; structured documentation; stakeholder engagement; mentoring peers; conflict resolution; deadline management.",78,69,47,60,50
"Data Analyst resume. Bachelor of Technology. Skills: Docker, Java, Power BI, JavaScript. Experience: delivered 5 projects. Highlights: learning new technologies; creative experimentation; design thinking; organized planning; reliable delivery; community events; team support; cross-functional collaboration; empathetic communication; steady decision making.",76,69,45,70,34
"Data Analyst resume. Bachelor of Science. Skills: C++, Docker, React, JavaScript, SQL. Experience: delivered 3 projects. Highlights: design thinking; innovative ideas; curious research; organized planning; attention to detail; community events; cross-functional collaboration; team support; steady decision making; deadline management; adaptable execution.",85,61,41,64,77
"Machine Learning Intern resume. Bachelor of Technology. Skills: C++, Excel, JavaScript, AWS, Git, Power BI. Experience: delivered 5 projects. Highlights: learning new technologies; innovative ideas; organized planning; reliable delivery; community events; mentoring peers; conflict resolution; team support; resilient problem solving.",61,66,53,66,40
"Data Analyst resume. Computer Science degree. Skills: C++, Node.js, Java, SQL, React, Excel, TensorFlow. Experience: delivered 3 projects. Highlights: curious research; reliable delivery; structured documentation; attention to detail; public speaking; client presentations; community events; empathetic communication; deadline management; adaptable execution; calm under pressure.",33,79,78,36,82
"Web Developer resume. Bachelor of Technology. Skills: Docker, NLP, Power BI, Machine Learning, AWS, Git. Experience: delivered 1 projects. Highlights: innovative ideas; creative experimentation; curious research; structured documentation; quality assurance; attention to detail; stakeholder engagement; client presentations; empathetic communication; team support; mentoring peers; calm under pressure.",80,73,58,82,41
"Data Analyst resume. Master of Computer Applications. Skills: TensorFlow, Docker, Excel, AWS, Git, C++, JavaScript, Node.js. Experience: delivered 3 projects. Highlights: curious research; creative experimentation; design thinking; attention to detail; reliable delivery; quality assurance; community events; cross-functional collaboration; conflict resolution; mentoring peers; resilient problem solving; adaptable execution.",78,82,55,70,63
"Product Associate resume. Computer Science degree. Skills: TensorFlow, React, SQL, Git, Java, Node.js, JavaScript, Python. Experience: delivered 5 projects. Highlights: learning new technologies; structured documentation; community events; team workshops; cross-functional collaboration; conflict resolution; adaptable execution.",42,36,58,53,41
"Web Developer resume. Computer Science degree. Skills: SQL, React, Power BI, Java, Excel, Node.js, NLP. Experience: delivered 4 projects. Highlights: design thinking; organized planning; client presentations; conflict resolution; mentoring peers; deadline management.",50,39,43,54,56
"Web Developer resume. Computer Science degree. Skills: React, NLP, Git, C++, AWS, Java. Experience: delivered 1 projects. Highlights: innovative ideas; attention to detail; structured documentation; team workshops; mentoring peers; empathetic communication; cross-functional collaboration; steady decision making.",41,62,42,79,52
"Machine Learning Intern resume. Bachelor of Technology. Skills: Python, AWS, React, Git. Experience: delivered 1 projects. Highlights: learning new technologies; attention to detail; structured documentation; stakeholder engagement; conflict resolution; team support; calm under pressure; adaptable execution; steady decision making.",36,59,43,50,84
"Data Analyst resume. Master of Computer Applications. Skills: Git, AWS, C++, JavaScript, SQL, Java, Machine Learning, Docker. Experience: delivered 1 projects. Highlights: learning new technologies; reliable delivery; attention to detail; community events; client presentations; public speaking; empathetic communication; team support; resilient problem solving.",54,67,64,55,56
"Business Analyst resume. Computer Science degree. Skills: Docker, JavaScript, AWS, Power BI, Git, Java. Experience: delivered 1 projects. Highlights: innovative ideas; learning new technologies; reliable delivery; public speaking; conflict resolution; team support; adaptable execution.",59,41,36,67,56
"Product Associate resume. Computer Science degree. Skills: SQL, Git, Python, Java, AWS, Machine Learning, Power BI. Experience: delivered 1 projects. Highlights: creative experimentation; structured documentation; public speaking; empathetic communication; deadline management.",40,43,39,47,38
"Product Associate resume. Bachelor of Technology. Skills: Machine Learning, Excel, NLP, JavaScript. Experience: delivered 2 projects. Highlights: curious research; innovative ideas; creative experimentation; attention to detail; community events; team support; empathetic communication; adaptable execution.",79,42,41,54,38
"Machine Learning Intern resume. Bachelor of Technology. Skills: Java, Power BI, TensorFlow, Git, C++, Node.js, Python. Experience: delivered 5 projects. Highlights: creative experimentation; innovative ideas; learning new technologies; organized planning; structured documentation; public speaking; client presentations; team workshops; empathetic communication; calm under pressure; adaptable execution.",83,67,76,39,56
"Data Analyst resume. Bachelor of Science. Skills: React, Excel, Docker, SQL, Python. Experience: delivered 4 projects. Highlights: curious research; design thinking; organized planning; reliable delivery; public speaking; client presentations; community events; cross-functional collaboration; mentoring peers; conflict resolution; deadline management; steady decision making.",55,56,80,81,74
"Business Analyst resume. Computer Science degree. Skills: Git, C++, Docker, Java, Node.js. Experience: delivered 1 projects. Highlights: curious research; creative experimentation; design thinking; structured documentation; quality assurance; public speaking; conflict resolution; empathetic communication; mentoring peers; calm under pressure; steady decision making; deadline management.",76,52,54,75,83
"Product Associate resume. Master of Computer Applications. Skills: Node.js, Git, Docker, SQL. Experience: delivered 2 projects. Highlights: learning new technologies; design thinking; creative experimentation; organized planning; reliable delivery; stakeholder engagement; team workshops; empathetic communication; mentoring peers; team support; adaptable execution.",81,64,61,75,44
"Machine Learning Intern resume. Bachelor of Technology. Skills: Docker, C++, SQL, Git, TensorFlow, NLP, Node.js, AWS. Experience: delivered 5 projects. Highlights: learning new technologies; reliable delivery; organized planning; quality assurance; client presentations; cross-functional collaboration; adaptable execution; calm under pressure.",34,81,58,52,64
"Software Engineer resume. Master of Computer Applications. Skills: NLP, Excel, Node.js, AWS, JavaScript, React, TensorFlow. Experience: delivered 1 projects. Highlights: curious research; attention to detail; stakeholder engagement; client presentations; community events; mentoring peers; team support; empathetic communication; adaptable execution; deadline management.",38,45,88,73,63
"Machine Learning Intern resume. Bachelor of Technology. Skills: NLP, Java, C++, AWS, TensorFlow, Docker. Experience: delivered 2 projects. Highlights: creative experimentation; design thinking; attention to detail; structured documentation; stakeholder engagement; mentoring peers; adaptable execution; deadline management.",64,69,31,36,62
"Software Engineer resume. Master of Computer Applications. Skills: Docker, Java, TensorFlow, Machine Learning, React. Experience: delivered 4 projects. Highlights: curious research; organized planning; team workshops; mentoring peers; resilient problem solving.",43,35,45,47,32
"Software Engineer resume. Computer Science degree. Skills: React, C++, Node.js, NLP, Docker, Python, AWS, Power BI. Experience: delivered 4 projects. Highlights: curious research; attention to detail; structured documentation; stakeholder engagement; community events; cross-functional collaboration; deadline management.",41,65,65,30,36
"Software Engineer resume. Computer Science degree. Skills: Node.js, TensorFlow, Docker, Git. Experience: delivered 5 projects. Highlights: design thinking; innovative ideas; organized planning; structured documentation; attention to detail; stakeholder engagement; community events; client presentations; cross-functional collaboration; conflict resolution; empathetic communication; adaptable execution; steady decision making; deadline management.",57,82,67,71,83
"Product Associate resume. Master of Computer Applications. Skills: C++, Node.js, Power BI, Excel, Docker. Experience: delivered 4 projects. Highlights: creative experimentation; curious research; learning new technologies; attention to detail; structured documentation; public speaking; stakeholder engagement; empathetic communication; conflict resolution; team support; steady decision making; deadline management.",73,57,61,81,63
"Machine Learning Intern resume. Master of Computer Applications. Skills: Git, Node.js, React, Excel, Machine Learning, Python, NLP. Experience: delivered 3 projects. Highlights: creative experimentation; structured documentation; attention to detail; organized planning; team workshops; empathetic communication; adaptable execution; deadline management; calm under pressure.",42,73,52,54,73
"Business Analyst resume. Master of Computer Applications. Skills: Git, Node.js, AWS, Excel, Python. Experience: delivered 2 projects. Highlights: creative experimentation; innovative ideas; curious research; organized planning; community events; empathetic communication; cross-functional collaboration; adaptable execution.",80,40,51,71,38
"Web Developer resume. Computer Science degree. Skills: C++, AWS, JavaScript, Power BI, Node.js. Experience: delivered 5 projects. Highlights: creative experimentation; learning new technologies; curious research; organized planning; quality assurance; community events; client presentations; public speaking; cross-functional collaboration; conflict resolution; mentoring peers; calm under pressure.",79,66,75,75,41
"Web Developer resume. Computer Science degree. Skills: Node.js, Machine Learning, JavaScript, SQL, C++, AWS. Experience: delivered 3 projects. Highlights: innovative ideas; design thinking; attention to detail; organized planning; structured documentation; stakeholder engagement; mentoring peers; calm under pressure; resilient problem solving; deadline management.",69,78,38,39,71
"Machine Learning Intern resume. Master of Computer Applications. Skills: JavaScript, Excel, Python, Power BI, Machine Learning, SQL, NLP. Experience: delivered 4 projects. Highlights: design thinking; learning new technologies; creative experimentation; attention to detail; structured documentation; quality assurance; stakeholder engagement; mentoring peers; adaptable execution; steady decision making; calm under pressure.",67,79,57,49,76
"Data Analyst resume. Computer Science degree. Skills: C++, AWS, Python, Node.js, Machine Learning, NLP. Experience: delivered 4 projects. Highlights: creative experimentation; curious research; innovative ideas; organized planning; community events; public speaking; mentoring peers; deadline management; steady decision making.",86,50,60,38,51
"Business Analyst resume. Master of Computer Applications. Skills: Machine Learning, C++, Node.js, React, SQL. Experience: delivered 5 projects. Highlights: design thinking; learning new technologies; innovative ideas; reliable delivery; stakeholder engagement; team workshops; team support; cross-functional collaboration; mentoring peers; adaptable execution; steady decision making; resilient problem solving.",77,43,69,67,87
"Product Associate resume. Master of Computer Applications. Skills: TensorFlow, Machine Learning, AWS, SQL, Python, Power BI. Experience: delivered 5 projects. Highlights: creative experimentation; innovative ideas; attention to detail; reliable delivery; structured documentation; stakeholder engagement; client presentations; public speaking; cross-functional collaboration; steady decision making.",60,79,70,36,34
"Data Analyst resume. Computer Science degree. Skills: Machine Learning, NLP, React, AWS, Git, SQL. Experience: delivered 4 projects. Highlights: design thinking; curious research; learning new technologies; reliable delivery; public speaking; team workshops; mentoring peers; empathetic communication; calm under pressure.",79,28,65,54,45
"Web Developer resume. Computer Science degree. Skills: NLP, Machine Learning, Java, Docker, Node.js, C++, Git. Experience: delivered 4 projects. Highlights: learning new technologies; attention to detail; stakeholder engagement; cross-functional collaboration; team support; adaptable execution.",37,44,40,61,45
"Software Engineer resume. Computer Science degree. Skills: Power BI, JavaScript, Machine Learning, AWS. Experience: delivered 1 projects. Highlights: curious research; design thinking; learning new technologies; structured documentation; attention to detail; community events; client presentations; public speaking; empathetic communication; mentoring peers; deadline management.",74,66,81,59,46
"Product Associate resume. Bachelor of Technology. Skills: Git, Python, Excel, JavaScript, Power BI, NLP. Experience: delivered 3 projects. Highlights: design thinking; attention to detail; organized planning; public speaking; community events; team support; steady decision making.",38,60,73,41,41
"Business Analyst resume. Computer Science degree. Skills: Node.js, NLP, Git, AWS, Docker, Excel, JavaScript, Machine Learning. Experience: delivered 4 projects. Highlights: creative experimentation; organized planning; community events; team support; cross-functional collaboration; mentoring peers; deadline management; adaptable execution.",40,45,50,80,60
"Business Analyst resume. Master of Computer Applications. Skills: Java, JavaScript, Power BI, Python. Experience: delivered 5 projects. Highlights: creative experimentation; learning new technologies; curious research; attention to detail; structured documentation; public speaking; conflict resolution; cross-functional collaboration; team support; deadline management; steady decision making.",72,67,36,85,54
"Web Developer resume. Computer Science degree. Skills: Python, Node.js, Excel, React, Power BI. Experience: delivered 1 projects. Highlights: curious research; creative experimentation; innovative ideas; quality assurance; team workshops; stakeholder engagement; public speaking; cross-functional collaboration; conflict resolution; adaptable execution.",71,39,71,73,42
"Data Analyst resume. Bachelor of Science. Skills: SQL, Machine Learning, JavaScript, Node.js. Experience: delivered 3 projects. Highlights: creative experimentation; learning new technologies; organized planning; reliable delivery; attention to detail; team workshops; stakeholder engagement; cross-functional collaboration; team support; deadline management; steady decision making; calm under pressure.",62,71,51,65,66
"Software Engineer resume. Bachelor of Technology. Skills: SQL, AWS, JavaScript, Docker, Java, Node.js, Power BI. Experience: delivered 2 projects. Highlights: curious research; creative experimentation; innovative ideas; reliable delivery; team workshops; cross-functional collaboration; calm under pressure; steady decision making.",90,39,39,51,57
"Machine Learning Intern resume. Bachelor of Technology. Skills: Docker, TensorFlow, React, Python. Experience: delivered 2 projects. Highlights: learning new technologies; quality assurance; structured documentation; organized planning; public speaking; client presentations; team workshops; mentoring peers; conflict resolution; cross-functional collaboration; deadline management.",44,83,68,63,48
"Software Engineer resume. Computer Science degree. Skills: Git, Python, Java, C++, NLP, Node.js, JavaScript, Excel. Experience: delivered 3 projects. Highlights: innovative ideas; learning new technologies; curious research; organized planning; attention to detail; team workshops; public speaking; stakeholder engagement; empathetic communication; conflict resolution; team support; deadline management.",75,66,72,81,51
"Web Developer resume. Computer Science degree. Skills: Node.js, Docker, React, NLP, Machine Learning, AWS, Power BI, C++. Experience: delivered 3 projects. Highlights: curious research; innovative ideas; creative experimentation; attention to detail; community events; client presentations; team workshops; cross-functional collaboration; mentoring peers; calm under pressure; resilient problem solving.",73,51,70,56,57
"Web Developer resume. Computer Science degree. Skills: TensorFlow, JavaScript, Docker, Machine Learning. Experience: delivered 4 projects. Highlights: learning new technologies; quality assurance; reliable delivery; organized planning; team workshops; client presentations; conflict resolution; mentoring peers; calm under pressure.",45,80,50,54,45
"Web Developer resume. Master of Computer Applications. Skills: AWS, React, Git, Python, Java, Power BI, Node.js. Experience: delivered 2 projects. Highlights: creative experimentation; design thinking; structured documentation; client presentations; public speaking; team workshops; conflict resolution; team support; empathetic communication; resilient problem solving; calm under pressure; deadline management.",69,37,83,75,73
"Business Analyst resume. Bachelor of Science. Skills: SQL, Java, Node.js, NLP, Machine Learning, Git, JavaScript. Experience: delivered 5 projects. Highlights: curious research; attention to detail; structured documentation; quality assurance; client presentations; public speaking; team workshops; conflict resolution; resilient problem solving; calm under pressure; deadline management.",41,74,74,52,83
"Machine Learning Intern resume. Computer Science degree. Skills: NLP, Node.js, TensorFlow, Machine Learning, Git, Python, Docker, C++. Experience: delivered 4 projects. Highlights: creative experimentation; curious research; innovative ideas; organized planning; attention to detail; structured documentation; community events; team workshops; public speaking; team support; empathetic communication; calm under pressure.",77,76,73,77,40
"Web Developer resume. Bachelor of Science. Skills: Git, AWS, Python, Docker, React, Java, SQL, Excel. Experience: delivered 4 projects. Highlights: learning new technologies; reliable delivery; community events; client presentations; public speaking; empathetic communication; cross-functional collaboration; steady decision making; deadline management.",55,34,78,74,65
"Machine Learning Intern resume. Bachelor of Science. Skills: NLP, Excel, TensorFlow, AWS. Experience: delivered 1 projects. Highlights: innovative ideas; organized planning; client presentations; cross-functional collaboration; deadline management; adaptable execution.",39,47,47,43,52
"Web Developer resume. Bachelor of Technology. Skills: Python, C++, Docker, AWS. Experience: delivered 2 projects. Highlights: design thinking; curious research; organized planning; community events; stakeholder engagement; cross-functional collaboration; deadline management; calm under pressure.",63,50,52,34,50
"Product Associate resume. Computer Science degree. Skills: SQL, NLP, Excel, Docker, React, Java, Python. Experience: delivered 4 projects. Highlights: learning new technologies; organized planning; quality assurance; client presentations; conflict resolution; calm under pressure; steady decision making; resilient problem solving.",39,65,38,57,74
"Product Associate resume. Computer Science degree. Skills: Excel, Java, React, NLP, JavaScript, Machine Learning, Node.js, AWS. Experience: delivered 5 projects. Highlights: innovative ideas; creative experimentation; curious research; quality assurance; reliable delivery; community events; team workshops; client presentations; cross-functional collaboration; conflict resolution; team support; calm under pressure.",86,63,73,71,49
"Machine Learning Intern resume. Master of Computer Applications. Skills: Node.js, NLP, Machine Learning, JavaScript, Power BI, Git. Experience: delivered 3 projects. Highlights: creative experimentation; curious research; reliable delivery; community events; mentoring peers; adaptable execution.",61,43,51,44,31
"Web Developer resume. Master of Computer Applications. Skills: React, TensorFlow, Git, Power BI, Excel, NLP. Experience: delivered 5 projects. Highlights: curious research; creative experimentation; attention to detail; community events; client presentations; mentoring peers; team support; cross-functional collaboration; resilient problem solving; adaptable execution; calm under pressure.",62,34,63,76,79
"Product Associate resume. Bachelor of Science. Skills: NLP, React, Java, Git, AWS, Docker, Excel. Experience: delivered 1 projects. Highlights: innovative ideas; curious research; organized planning; structured documentation; client presentations; stakeholder engagement; community events; cross-functional collaboration; resilient problem solving; adaptable execution.",65,63,76,53,67
"Data Analyst resume. Master of Computer Applications. Skills: Python, C++, React, Excel, Node.js, JavaScript. Experience: delivered 2 projects. Highlights: design thinking; creative experimentation; attention to detail; public speaking; mentoring peers; empathetic communication; adaptable execution.",58,34,36,59,37
"Data Analyst resume. Master of Computer Applications. Skills: AWS, React, Node.js, Git. Experience: delivered 3 projects. Highlights: creative experimentation; curious research; reliable delivery; organized planning; client presentations; empathetic communication; deadline management.",56,66,50,45,41
"Data Analyst resume. Master of Computer Applications. Skills: Docker, TensorFlow, React, Python, NLP, Java, Excel, Node.js. Experience: delivered 2 projects. Highlights: creative experimentation; design thinking; learning new technologies; attention to detail; team workshops; community events; conflict resolution; mentoring peers; team support; steady decision making; adaptable execution.",71,47,57,74,60
"Machine Learning Intern resume. Computer Science degree. Skills: Machine Learning, Docker, Excel, TensorFlow, C++. Experience: delivered 5 projects. Highlights: design thinking; quality assurance; structured documentation; organized planning; client presentations; stakeholder engagement; public speaking; conflict resolution; calm under pressure.",43,73,87,50,43
"Data Analyst resume. Master of Computer Applications. Skills: React, C++, Git, Java, Docker. Experience: delivered 4 projects. Highlights: design thinking; learning new technologies; structured documentation; stakeholder engagement; public speaking; conflict resolution; mentoring peers; team support; adaptable execution; calm under pressure.",66,44,58,76,59
"Product Associate resume. Computer Science degree. Skills: Python, Git, Machine Learning, NLP, AWS, Docker, Java, Excel. Experience: delivered 3 projects. Highlights: design thinking; creative experimentation; attention to detail; organized planning; public speaking; mentoring peers; team support; resilient problem solving.",62,73,52,54,45
"Software Engineer resume. Master of Computer Applications. Skills: Machine Learning, C++, TensorFlow, SQL, Node.js, React, Power BI, Java. Experience: delivered 1 projects. Highlights: curious research; learning new technologies; attention to detail; reliable delivery; client presentations; team support; cross-functional collaboration; steady decision making.",62,57,53,59,31
"Web Developer resume. Bachelor of Technology. Skills: Node.js, Java, AWS, Docker, Power BI, NLP. Experience: delivered 4 projects. Highlights: innovative ideas; design thinking; reliable delivery; public speaking; team workshops; conflict resolution; resilient problem solving; steady decision making; calm under pressure.",72,42,60,58,79
"Product Associate resume. Computer Science degree. Skills: Java, React, Docker, Power BI, Excel, C++. Experience: delivered 5 projects. Highlights: curious research; design thinking; innovative ideas; attention to detail; structured documentation; team workshops; stakeholder engagement; public speaking; mentoring peers; steady decision making; calm under pressure.",78,65,75,41,55
"Business Analyst resume. Bachelor of Technology. Skills: TensorFlow, Excel, Docker, Power BI, Machine Learning, Node.js, AWS. Experience: delivered 5 projects. Highlights: innovative ideas; organized planning; structured documentation; public speaking; team support; empathetic communication; deadline management.",30,64,44,72,41
"Web Developer resume. Master of Computer Applications. Skills: Git, SQL, AWS, NLP, C++. Experience: delivered 1 projects. Highlights: design thinking; learning new technologies; curious research; attention to detail; stakeholder engagement; cross-functional collaboration; adaptable execution; deadline management.",84,40,42,46,55
"Product Associate resume. Bachelor of Technology. Skills: React, C++, Node.js, TensorFlow, Machine Learning, SQL. Experience: delivered 3 projects. Highlights: creative experimentation; quality assurance; stakeholder engagement; client presentations; community events; empathetic communication; cross-functional collaboration; deadline management.",43,35,70,68,46
"Web Developer resume. Computer Science degree. Skills: C++, Java, React, JavaScript, Excel, Node.js, Docker. Experience: delivered 2 projects. Highlights: learning new technologies; curious research; organized planning; team workshops; conflict resolution; mentoring peers; deadline management; calm under pressure.",62,34,45,46,57
"Product Associate resume. Bachelor of Technology. Skills: Machine Learning, AWS, NLP, Git, Power BI. Experience: delivered 1 projects. Highlights: design thinking; learning new technologies; curious research; attention to detail; organized planning; team workshops; mentoring peers; cross-functional collaboration; empathetic communication; adaptable execution.",74,72,49,72,51
"Data Analyst resume. Bachelor of Science. Skills: Power BI, NLP, SQL, Docker, Python. Experience: delivered 3 projects. Highlights: innovative ideas; structured documentation; attention to detail; quality assurance; team workshops; community events; conflict resolution; mentoring peers; deadline management; adaptable execution; steady decision making.",56,75,62,54,80
"Software Engineer resume. Bachelor of Technology. Skills: Git, JavaScript, Node.js, React, Machine Learning, Python, C++. Experience: delivered 4 projects. Highlights: curious research; learning new technologies; design thinking; quality assurance; organized planning; public speaking; cross-functional collaboration; conflict resolution; team support; steady decision making.",75,71,53,80,39
"Web Developer resume. Computer Science degree. Skills: SQL, Machine Learning, TensorFlow, React. Experience: delivered 2 projects. Highlights: learning new technologies; creative experimentation; organized planning; reliable delivery; client presentations; team workshops; stakeholder engagement; mentoring peers; conflict resolution; deadline management.",62,59,78,52,53
"Product Associate resume. Master of Computer Applications. Skills: JavaScript, SQL, TensorFlow, Python, Excel, Node.js, C++. Experience: delivered 2 projects. Highlights: design thinking; creative experimentation; attention to detail; public speaking; cross-functional collaboration; adaptable execution.",66,45,42,48,34
"Data Analyst resume. Bachelor of Science. Skills: NLP, Python, Java, Docker. Experience: delivered 3 projects. Highlights: curious research; structured documentation; organized planning; reliable delivery; community events; cross-functional collaboration; mentoring peers; team support; steady decision making; deadline management.",45,85,32,74,69
"Web Developer resume. Bachelor of Science. Skills: Excel, Java, TensorFlow, JavaScript. Experience: delivered 1 projects. Highlights: creative experimentation; organized planning; public speaking; empathetic communication; calm under pressure; resilient problem solving.",51,48,43,36,62
"Product Associate resume. Master of Computer Applications. Skills: SQL, AWS, Java, JavaScript, Python. Experience: delivered 1 projects. Highlights: design thinking; curious research; quality assurance; attention to detail; community events; mentoring peers; conflict resolution; calm under pressure; resilient problem solving.",59,67,41,55,58
"Business Analyst resume. Master of Computer Applications. Skills: Git, SQL, Power BI, Machine Learning, NLP, JavaScript, Node.js, Java. Experience: delivered 4 projects. Highlights: innovative ideas; design thinking; organized planning; client presentations; team workshops; mentoring peers; steady decision making.",61,48,60,49,38
"Data Analyst resume. Computer Science degree. Skills: Python, NLP, Excel, SQL, Node.js. Experience: delivered 2 projects. Highlights: curious research; innovative ideas; learning new technologies; structured documentation; organized planning; attention to detail; client presentations; stakeholder engagement; team workshops; conflict resolution; resilient problem solving; calm under pressure.",78,92,76,44,60
"Web Developer resume. Master of Computer Applications. Skills: Git, Power BI, AWS, JavaScript, Node.js, Excel, Python, Docker. Experience: delivered 1 projects. Highlights: learning new technologies; innovative ideas; creative experimentation; attention to detail; stakeholder engagement; empathetic communication; calm under pressure; resilient problem solving.",74,49,36,44,54
"Software Engineer resume. Bachelor of Science. Skills: JavaScript, Git, TensorFlow, Python, SQL, Java. Experience: delivered 1 projects. Highlights: curious research; quality assurance; organized planning; reliable delivery; team workshops; community events; conflict resolution; mentoring peers; adaptable execution.",47,81,59,57,55
"Business Analyst resume. Bachelor of Science. Skills: JavaScript, Power BI, React, Excel, Docker, C++. Experience: delivered 3 projects. Highlights: curious research; design thinking; creative experimentation; quality assurance; client presentations; mentoring peers; deadline management.",74,42,58,44,37
"Product Associate resume. Computer Science degree. Skills: Machine Learning, NLP, Power BI, Docker, JavaScript, Git, Python. Experience: delivered 1 projects. Highlights: innovative ideas; structured documentation; organized planning; public speaking; stakeholder engagement; mentoring peers; empathetic communication; conflict resolution; deadline management.",50,67,66,73,47
"Software Engineer resume. Bachelor of Technology. Skills: Git, SQL, AWS, JavaScript, C++, React, Power BI, NLP. Experience: delivered 5 projects. Highlights: design thinking; curious research; learning new technologies; structured documentation; stakeholder engagement; public speaking; team workshops; team support; mentoring peers; adaptable execution.",82,56,69,64,44
"Web Developer resume. Master of Computer Applications. Skills: JavaScript, React, Excel, Docker, Node.js, AWS, Machine Learning, Git. Experience: delivered 1 projects. Highlights: learning new technologies; design thinking; innovative ideas; reliable delivery; structured documentation; attention to detail; public speaking; client presentations; mentoring peers; cross-functional collaboration; calm under pressure; deadline management.",83,82,54,68,57
"Software Engineer resume. Bachelor of Technology. Skills: React, NLP, Java, TensorFlow, JavaScript, Python. Experience: delivered 4 projects. Highlights: curious research; learning new technologies; creative experimentation; reliable delivery; organized planning; team workshops; public speaking; conflict resolution; mentoring peers; team support; resilient problem solving.",73,55,67,84,52
"Data Analyst resume. Master of Computer Applications. Skills: TensorFlow, NLP, Excel, AWS. Experience: delivered 2 projects. Highlights: curious research; learning new technologies; attention to detail; structured documentation; quality assurance; public speaking; stakeholder engagement; community events; team support; deadline management; calm under pressure.",64,91,65,37,65
"Data Analyst resume. Computer Science degree. Skills: JavaScript, AWS, C++, Power BI, Excel. Experience: delivered 2 projects. Highlights: curious research; learning new technologies; creative experimentation; organized planning; quality assurance; stakeholder engagement; community events; public speaking; team support; deadline management.",78,55,77,49,36
"Software Engineer resume. Master of Computer Applications. Skills: SQL, Java, TensorFlow, JavaScript, C++, Node.js, Excel, Docker. Experience: delivered 1 projects. Highlights: curious research; design thinking; organized planning; team workshops; community events; team support; mentoring peers; deadline management.",67,43,65,73,46
"Business Analyst resume. Master of Computer Applications. Skills: Machine Learning, Excel, Python, Docker, NLP. Experience: delivered 4 projects. Highlights: learning new technologies; creative experimentation; organized planning; client presentations; public speaking; community events; conflict resolution; calm under pressure; adaptable execution.",64,36,64,45,58
"Web Developer resume. Bachelor of Science. Skills: Git, Java, Power BI, Docker. Experience: delivered 1 projects. Highlights: innovative ideas; design thinking; reliable delivery; quality assurance; organized planning; public speaking; stakeholder engagement; mentoring peers; cross-functional collaboration; empathetic communication; steady decision making; calm under pressure.",65,82,54,81,64
"Data Analyst resume. Computer Science degree. Skills: Java, Python, Excel, Power BI, AWS, Git. Experience: delivered 4 projects. Highlights: curious research; innovative ideas; design thinking; quality assurance; stakeholder engagement; community events; empathetic communication; calm under pressure; steady decision making; adaptable execution.",75,38,64,52,79
"Business Analyst resume. Computer Science degree. Skills: Git, Excel, SQL, Node.js, TensorFlow. Experience: delivered 2 projects. Highlights: learning new technologies; design thinking; innovative ideas; organized planning; structured documentation; attention to detail; community events; team workshops; public speaking; empathetic communication; adaptable execution; calm under pressure.",74,73,85,39,53
"Web Developer resume. Computer Science degree. Skills: C++, Docker, Excel, Node.js, React, Power BI. Experience: delivered 1 projects. Highlights: curious research; design thinking; attention to detail; team workshops; client presentations; cross-functional collaboration; mentoring peers; team support; calm under pressure; resilient problem solving.",60,41,65,79,73
"Software Engineer resume. Master of Computer Applications. Skills: Node.js, SQL, C++, Java, Power BI. Experience: delivered 5 projects. Highlights: learning new technologies; creative experimentation; innovative ideas; reliable delivery; team workshops; client presentations; team support; mentoring peers; conflict resolution; deadline management; adaptable execution; calm under pressure.",75,41,70,77,79
"Web Developer resume. Bachelor of Science. Skills: Docker, AWS, Excel, Java, TensorFlow, JavaScript, Machine Learning. Experience: delivered 1 projects. Highlights: curious research; reliable delivery; structured documentation; quality assurance; client presentations; team support; cross-functional collaboration; adaptable execution; resilient problem solving.",50,85,47,78,54
"Product Associate resume. Master of Computer Applications. Skills: AWS, Node.js, Machine Learning, Power BI, SQL, Java, Git, React. Experience: delivered 4 projects. Highlights: curious research; innovative ideas; attention to detail; stakeholder engagement; community events; empathetic communication; team support; resilient problem solving; calm under pressure.",60,35,68,61,49
"Web Developer resume. Computer Science degree. Skills: Machine Learning, Docker, AWS, Java. Experience: delivered 3 projects. Highlights: curious research; organized planning; attention to detail; stakeholder engagement; mentoring peers; team support; conflict resolution; resilient problem solving.",38,52,44,76,43
"Web Developer resume. Computer Science degree. Skills: Git, TensorFlow, JavaScript, NLP, Excel, C++. Experience: delivered 3 projects. Highlights: innovative ideas; design thinking; learning new technologies; attention to detail; structured documentation; client presentations; team workshops; team support; adaptable execution; calm under pressure.",83,60,62,47,69
"Data Analyst resume. Bachelor of Technology. Skills: C++, Python, SQL, AWS, Git. Experience: delivered 1 projects. Highlights: creative experimentation; reliable delivery; community events; cross-functional collaboration; empathetic communication; mentoring peers; deadline management.",45,43,42,88,43
"Web Developer resume. Computer Science degree. Skills: Excel, Power BI, C++, TensorFlow, Java, SQL, Git. Experience: delivered 3 projects. Highlights: curious research; learning new technologies; attention to detail; organized planning; structured documentation; team workshops; stakeholder engagement; mentoring peers; team support; conflict resolution; adaptable execution; resilient problem solving.",62,75,55,68,60
"Product Associate resume. Computer Science degree. Skills: Excel, NLP, JavaScript, Docker. Experience: delivered 3 projects. Highlights: creative experimentation; design thinking; learning new technologies; organized planning; structured documentation; reliable delivery; community events; team workshops; cross-functional collaboration; mentoring peers; steady decision making.",79,72,57,61,36
"Data Analyst resume. Bachelor of Science. Skills: Java, NLP, Machine Learning, Power BI, TensorFlow, SQL, React, C++. Experience: delivered 1 projects. Highlights: design thinking; curious research; structured documentation; client presentations; mentoring peers; conflict resolution; calm under pressure.",68,36,38,54,43
"Data Analyst resume. Computer Science degree. Skills: Machine Learning, Node.js, AWS, C++. Experience: delivered 1 projects. Highlights: curious research; design thinking; attention to detail; organized planning; community events; public speaking; cross-functional collaboration; calm under pressure.",65,62,57,32,41
"Data Analyst resume. Bachelor of Science. Skills: Machine Learning, React, Power BI, SQL, TensorFlow, Python, Java, NLP. Experience: delivered 3 projects. Highlights: innovative ideas; quality assurance; stakeholder engagement; empathetic communication; mentoring peers; steady decision making; adaptable execution; deadline management.",45,55,37,72,87
"Machine Learning Intern resume. Computer Science degree. Skills: Node.js, C++, Docker, TensorFlow, JavaScript, Excel, Git, SQL. Experience: delivered 2 projects. Highlights: design thinking; reliable delivery; public speaking; team workshops; community events; conflict resolution; mentoring peers; calm under pressure.",38,39,73,69,49
"Software Engineer resume. Computer Science degree. Skills: Python, NLP, React, SQL, Node.js, Power BI, Machine Learning. Experience: delivered 1 projects. Highlights: innovative ideas; curious research; reliable delivery; community events; conflict resolution; empathetic communication; mentoring peers; resilient problem solving; steady decision making; adaptable execution.",72,50,38,67,79
"Business Analyst resume. Computer Science degree. Skills: JavaScript, Machine Learning, Power BI, Node.js. Experience: delivered 1 projects. Highlights: innovative ideas; curious research; attention to detail; reliable delivery; organized planning; client presentations; mentoring peers; empathetic communication; deadline management; calm under pressure.",57,70,42,61,56
"Web Developer resume. Bachelor of Science. Skills: Machine Learning, NLP, Docker, Git, Java, JavaScript, Node.js, Python. Experience: delivered 2 projects. Highlights: design thinking; innovative ideas; quality assurance; organized planning; client presentations; team workshops; stakeholder engagement; mentoring peers; empathetic communication; steady decision making.",55,51,86,68,45
"Web Developer resume. Bachelor of Technology. Skills: Machine Learning, Node.js, Java, Docker, C++, React, Excel. Experience: delivered 3 projects. Highlights: creative experimentation; reliable delivery; attention to detail; community events; stakeholder engagement; mentoring peers; empathetic communication; conflict resolution; steady decision making.",48,59,75,83,53
"Web Developer resume. Bachelor of Technology. Skills: TensorFlow, Machine Learning, Power BI, JavaScript, Git, C++, Java. Experience: delivered 4 projects. Highlights: creative experimentation; design thinking; attention to detail; organized planning; structured documentation; community events; client presentations; cross-functional collaboration; steady decision making; deadline management; calm under pressure.",62,86,64,43,68
"Software Engineer resume. Master of Computer Applications. Skills: TensorFlow, Excel, Machine Learning, React, JavaScript. Experience: delivered 2 projects. Highlights: learning new technologies; quality assurance; reliable delivery; organized planning; community events; conflict resolution; cross-functional collaboration; team support; deadline management.",36,78,51,80,39
"Data Analyst resume. Master of Computer Applications. Skills: Node.js, C++, React, Python, TensorFlow, NLP, Docker. Experience: delivered 5 projects. Highlights: learning new technologies; curious research; reliable delivery; organized planning; public speaking; empathetic communication; cross-functional collaboration; steady decision making; adaptable execution.",70,67,34,59,64
"Product Associate resume. Bachelor of Science. Skills: Docker, AWS, Python, SQL, C++. Experience: delivered 1 projects. Highlights: innovative ideas; organized planning; structured documentation; public speaking; community events; team workshops; cross-functional collaboration; conflict resolution; steady decision making.",35,60,62,64,39
"Product Associate resume. Computer Science degree. Skills: AWS, Docker, JavaScript, Machine Learning, Node.js, SQL. Experience: delivered 2 projects. Highlights: learning new technologies; creative experimentation; attention to detail; reliable delivery; team workshops; mentoring peers; conflict resolution; steady decision making.",66,74,44,66,43
"Web Developer resume. Master of Computer Applications. Skills: C++, Python, JavaScript, TensorFlow, React, Git. Experience: delivered 1 projects. Highlights: innovative ideas; attention to detail; organized planning; team workshops; public speaking; client presentations; empathetic communication; mentoring peers; deadline management.",46,58,87,62,36
"Product Associate resume. Computer Science degree. Skills: Python, Excel, TensorFlow, React, C++, AWS, Docker, Java. Experience: delivered 3 projects. Highlights: curious research; innovative ideas; structured documentation; quality assurance; team workshops; client presentations; cross-functional collaboration; conflict resolution; resilient problem solving; adaptable execution; deadline management.",62,64,71,74,76
"Web Developer resume. Bachelor of Technology. Skills: TensorFlow, Java, Docker, React, Git. Experience: delivered 5 projects. Highlights: curious research; quality assurance; attention to detail; community events; empathetic communication; conflict resolution; mentoring peers; calm under pressure; steady decision making.",54,71,44,83,52
"Data Analyst resume. Master of Computer Applications. Skills: React, SQL, Python, Docker, Power BI, Machine Learning, Node.js, C++. Experience: delivered 4 projects. Highlights: curious research; design thinking; creative experimentation; attention to detail; stakeholder engagement; cross-functional collaboration; team support; conflict resolution; resilient problem solving; deadline management; calm under pressure.",76,37,52,72,78
"Web Developer resume. Master of Computer Applications. Skills: JavaScript, Python, Java, Excel. Experience: delivered 2 projects. Highlights: creative experimentation; innovative ideas; organized planning; public speaking; community events; team support; conflict resolution; deadline management; resilient problem solving; adaptable execution.",61,31,68,61,74
"Data Analyst resume. Master of Computer Applications. Skills: TensorFlow, Python, C++, Machine Learning. Experience: delivered 3 projects. Highlights: learning new technologies; attention to detail; reliable delivery; stakeholder engagement; team support; conflict resolution; empathetic communication; calm under pressure.",53,76,55,77,44
"Machine Learning Intern resume. Computer Science degree. Skills: C++, TensorFlow, React, Excel, Git, SQL, NLP, AWS. Experience: delivered 2 projects. Highlights: design thinking; innovative ideas; creative experimentation; reliable delivery; attention to detail; community events; stakeholder engagement; client presentations; cross-functional collaboration; empathetic communication; team support; adaptable execution; calm under pressure; deadline management.",87,57,73,83,75
"Product Associate resume. Bachelor of Technology. Skills: C++, Docker, SQL, Git. Experience: delivered 2 projects. Highlights: curious research; learning new technologies; quality assurance; reliable delivery; structured documentation; public speaking; team support; deadline management.",65,80,41,43,45
"Product Associate resume. Computer Science degree. Skills: JavaScript, Git, Excel, Machine Learning. Experience: delivered 4 projects. Highlights: creative experimentation; design thinking; innovative ideas; attention to detail; stakeholder engagement; community events; public speaking; conflict resolution; adaptable execution.",75,54,78,43,48
"Data Analyst resume. Bachelor of Technology. Skills: Node.js, C++, React, Java, Power BI, Machine Learning, SQL, JavaScript. Experience: delivered 5 projects. Highlights: curious research; design thinking; innovative ideas; organized planning; community events; mentoring peers; adaptable execution.",64,52,49,50,41
"Business Analyst resume. Master of Computer Applications. Skills: Python, TensorFlow, AWS, Java. Experience: delivered 3 projects. Highlights: innovative ideas; attention to detail; public speaking; cross-functional collaboration; empathetic communication; conflict resolution; adaptable execution.",56,49,35,76,54
"Web Developer resume. Master of Computer Applications. Skills: Python, Machine Learning, TensorFlow, NLP, SQL, Docker. Experience: delivered 5 projects. Highlights: curious research; structured documentation; reliable delivery; attention to detail; client presentations; community events; team support; resilient problem solving; steady decision making; calm under pressure.",45,84,68,47,84
"Data Analyst resume. Bachelor of Science. Skills: JavaScript, Git, SQL, Java, C++, Power BI. Experience: delivered 2 projects. Highlights: innovative ideas; curious research; quality assurance; stakeholder engagement; team workshops; mentoring peers; resilient problem solving; deadline management.",65,47,62,55,53
"Product Associate resume. Bachelor of Technology. Skills: Docker, React, Git, TensorFlow. Experience: delivered 5 projects. Highlights: innovative ideas; creative experimentation; reliable delivery; attention to detail; team workshops; stakeholder engagement; public speaking; conflict resolution; resilient problem solving; calm under pressure; deadline management.",61,68,78,46,75
"Business Analyst resume. Master of Computer Applications. Skills: JavaScript, TensorFlow, NLP, Python, Power BI, SQL. Experience: delivered 1 projects. Highlights: creative experimentation; structured documentation; quality assurance; organized planning; client presentations; community events; public speaking; cross-functional collaboration; resilient problem solving; adaptable execution; calm under pressure.",41,84,76,32,75
"Data Analyst resume. Bachelor of Technology. Skills: SQL, Python, Java, C++, Machine Learning, Node.js, Power BI, Docker. Experience: delivered 2 projects. Highlights: learning new technologies; attention to detail; public speaking; community events; mentoring peers; empathetic communication; cross-functional collaboration; calm under pressure; steady decision making.",44,36,67,87,70
"Software Engineer resume. Master of Computer Applications. Skills: React, SQL, Node.js, AWS. Experience: delivered 1 projects. Highlights: innovative ideas; reliable delivery; team workshops; stakeholder engagement; cross-functional collaboration; mentoring peers; resilient problem solving.",28,51,55,60,40
"Machine Learning Intern resume. Master of Computer Applications. Skills: C++, TensorFlow, Java, Node.js, NLP. Experience: delivered 1 projects. Highlights: curious research; learning new technologies; quality assurance; public speaking; conflict resolution; empathetic communication; team support; deadline management.",53,38,36,70,46
"Machine Learning Intern resume. Bachelor of Science. Skills: SQL, NLP, Docker, Power BI. Experience: delivered 1 projects. Highlights: creative experimentation; organized planning; attention to detail; team workshops; public speaking; client presentations; mentoring peers; conflict resolution; deadline management.",50,69,78,55,47
"Business Analyst resume. Computer Science degree. Skills: Docker, C++, Machine Learning, Git, Excel. Experience: delivered 5 projects. Highlights: innovative ideas; design thinking; structured documentation; stakeholder engagement; mentoring peers; conflict resolution; team support; steady decision making; resilient problem solving.",48,44,44,74,56
"Product Associate resume. Bachelor of Science. Skills: Git, JavaScript, SQL, Python, AWS, TensorFlow, Java, Node.js. Experience: delivered 5 projects. Highlights: learning new technologies; curious research; organized planning; team workshops; public speaking; cross-functional collaboration; resilient problem solving; calm under pressure; adaptable execution.",65,55,52,34,76
"Product Associate resume. Bachelor of Science. Skills: Python, Power BI, SQL, TensorFlow, NLP, Excel. Experience: delivered 1 projects. Highlights: curious research; creative experimentation; attention to detail; stakeholder engagement; cross-functional collaboration; deadline management.",66,47,45,51,28
"Product Associate resume. Master of Computer Applications. Skills: Power BI, Machine Learning, C++, Node.js, Git. Experience: delivered 4 projects. Highlights: creative experimentation; organized planning; structured documentation; team workshops; empathetic communication; deadline management.",36,56,50,38,50
"Data Analyst resume. Master of Computer Applications. Skills: Power BI, Java, Node.js, NLP, Machine Learning, Excel, React, Docker. Experience: delivered 1 projects. Highlights: creative experimentation; curious research; design thinking; organized planning; attention to detail; reliable delivery; team workshops; client presentations; community events; mentoring peers; deadline management.",89,84,76,34,60
"Machine Learning Intern resume. Computer Science degree. Skills: AWS, TensorFlow, Java, Docker, Power BI, JavaScript, Python. Experience: delivered 2 projects. Highlights: learning new technologies; creative experimentation; attention to detail; structured documentation; team workshops; conflict resolution; cross-functional collaboration; team support; deadline management.",61,63,38,82,47
"Web Developer resume. Bachelor of Technology. Skills: SQL, C++, React, NLP, Python, Node.js, Excel, Machine Learning. Experience: delivered 2 projects. Highlights: design thinking; reliable delivery; client presentations; empathetic communication; steady decision making; resilient problem solving.",48,37,42,42,57
"Business Analyst resume. Bachelor of Science. Skills: AWS, Excel, Node.js, Docker. Experience: delivered 3 projects. Highlights: design thinking; structured documentation; client presentations; community events; team support; cross-functional collaboration; steady decision making.",52,42,67,73,40
"Web Developer resume. Bachelor of Technology. Skills: Java, C++, Python, Node.js, JavaScript, TensorFlow, Git, SQL. Experience: delivered 2 projects. Highlights: creative experimentation; innovative ideas; curious research; quality assurance; organized planning; community events; team workshops; client presentations; conflict resolution; mentoring peers; deadline management.",93,58,79,60,46
"Software Engineer resume. Bachelor of Technology. Skills: React, C++, NLP, Excel, SQL, JavaScript, Git. Experience: delivered 2 projects. Highlights: curious research; quality assurance; reliable delivery; attention to detail; team workshops; public speaking; community events; team support; adaptable execution; deadline management; calm under pressure.",45,76,78,40,82
"Product Associate resume. Master of Computer Applications. Skills: AWS, SQL, Java, JavaScript, Git, Node.js. Experience: delivered 4 projects. Highlights: learning new technologies; creative experimentation; curious research; reliable delivery; team workshops; public speaking; empathetic communication; cross-functional collaboration; conflict resolution; adaptable execution.",84,57,67,77,32
"Machine Learning Intern resume. Bachelor of Technology. Skills: Java, NLP, AWS, Excel, SQL, Docker, Machine Learning, Git. Experience: delivered 5 projects. Highlights: creative experimentation; innovative ideas; curious research; structured documentation; stakeholder engagement; conflict resolution; empathetic communication; deadline management; steady decision making.",70,37,41,66,63
"Web Developer resume. Computer Science degree. Skills: Java, Git, TensorFlow, SQL, AWS, C++, NLP. Experience: delivered 1 projects. Highlights: design thinking; creative experimentation; learning new technologies; organized planning; public speaking; stakeholder engagement; client presentations; conflict resolution; mentoring peers; cross-functional collaboration; resilient problem solving.",72,36,87,87,50
"Product Associate resume. Bachelor of Technology. Skills: Power BI, C++, Git, SQL, Node.js. Experience: delivered 5 projects. Highlights: learning new technologies; attention to detail; stakeholder engagement; public speaking; client presentations; team support; steady decision making; deadline management.",38,44,82,43,56
"Machine Learning Intern resume. Bachelor of Science. Skills: React, Python, C++, Java, TensorFlow, Docker, Node.js. Experience: delivered 1 projects. Highlights: innovative ideas; quality assurance; organized planning; community events; mentoring peers; cross-functional collaboration; empathetic communication; deadline management.",44,56,44,78,46
"Machine Learning Intern resume. Bachelor of Science. Skills: Java, Python, SQL, Docker, AWS. Experience: delivered 2 projects. Highlights: innovative ideas; structured documentation; stakeholder engagement; conflict resolution; empathetic communication; steady decision making.",51,35,52,59,39
"Machine Learning Intern resume. Bachelor of Technology. Skills: JavaScript, Git, C++, Java. Experience: delivered 4 projects. Highlights: curious research; learning new technologies; reliable delivery; structured documentation; client presentations; team workshops; cross-functional collaboration; empathetic communication; steady decision making; adaptable execution.",56,61,68,70,68
"Machine Learning Intern resume. Bachelor of Technology. Skills: Docker, React, AWS, Java, Power BI, NLP, Python, Excel. Experience: delivered 3 projects. Highlights: curious research; structured documentation; organized planning; client presentations; team workshops; public speaking; empathetic communication; deadline management; resilient problem solving.",54,65,84,31,67
"Business Analyst resume. Bachelor of Science. Skills: Git, Docker, AWS, JavaScript, Machine Learning. Experience: delivered 5 projects. Highlights: learning new technologies; structured documentation; quality assurance; public speaking; team support; mentoring peers; conflict resolution; steady decision making; calm under pressure.",62,66,33,76,70
"Business Analyst resume. Bachelor of Technology. Skills: Power BI, Excel, NLP, Machine Learning, SQL, Git, C++. Experience: delivered 3 projects. Highlights: learning new technologies; innovative ideas; quality assurance; organized planning; client presentations; cross-functional collaboration; conflict resolution; team support; calm under pressure; deadline management; adaptable execution.",64,59,57,78,83
"Web Developer resume. Master of Computer Applications. Skills: Python, AWS, Excel, React, Machine Learning, Node.js, NLP. Experience: delivered 3 projects. Highlights: design thinking; learning new technologies; organized planning; team workshops; mentoring peers; cross-functional collaboration; empathetic communication; deadline management; adaptable execution.",64,54,50,87,62
"Business Analyst resume. Computer Science degree. Skills: React, Machine Learning, Docker, C++, NLP, Excel, Python. Experience: delivered 2 projects. Highlights: learning new technologies; creative experimentation; design thinking; organized planning; attention to detail; public speaking; community events; team workshops; empathetic communication; adaptable execution.",82,67,78,53,35
"Web Developer resume. Bachelor of Science. Skills: JavaScript, AWS, React, SQL, Power BI, Python, Docker, NLP. Experience: delivered 1 projects. Highlights: innovative ideas; curious research; learning new technologies; attention to detail; organized planning; team workshops; client presentations; public speaking; conflict resolution; deadline management; steady decision making.",72,59,86,48,53
"Machine Learning Intern resume. Bachelor of Technology. Skills: Machine Learning, Java, React, Power BI, Docker. Experience: delivered 3 projects. Highlights: learning new technologies; creative experimentation; innovative ideas; attention to detail; structured documentation; reliable delivery; public speaking; team workshops; empathetic communication; resilient problem solving; steady decision making.",73,87,68,32,78
"Data Analyst resume. Computer Science degree. Skills: C++, JavaScript, SQL, Excel, Git, AWS. Experience: delivered 1 projects. Highlights: design thinking; organized planning; client presentations; stakeholder engagement; public speaking; cross-functional collaboration; calm under pressure; resilient problem solving; deadline management.",42,43,73,40,72
"Software Engineer resume. Bachelor of Technology. Skills: Python, JavaScript, TensorFlow, NLP, Excel, Power BI. Experience: delivered 3 projects. Highlights: learning new technologies; creative experimentation; attention to detail; structured documentation; quality assurance; public speaking; mentoring peers; empathetic communication; resilient problem solving.",70,87,36,61,38
"Machine Learning Intern resume. Bachelor of Science. Skills: Java, AWS, SQL, React, Python. Experience: delivered 2 projects. Highlights: creative experimentation; curious research; quality assurance; reliable delivery; client presentations; team workshops; public speaking; cross-functional collaboration; conflict resolution; team support; adaptable execution; resilient problem solving.",61,61,67,75,71
"Business Analyst resume. Master of Computer Applications. Skills: Docker, React, Node.js, JavaScript, Java, Excel, C++, SQL. Experience: delivered 2 projects. Highlights: innovative ideas; structured documentation; attention to detail; organized planning; public speaking; community events; team workshops; mentoring peers; deadline management.",41,82,77,46,51
"Business Analyst resume. Master of Computer Applications. Skills: C++, TensorFlow, SQL, Git, JavaScript, Python. Experience: delivered 5 projects. Highlights: learning new technologies; design thinking; innovative ideas; reliable delivery; public speaking; client presentations; community events; mentoring peers; conflict resolution; resilient problem solving; steady decision making.",83,46,89,59,63
"Software Engineer resume. Bachelor of Technology. Skills: TensorFlow, AWS, Java, JavaScript, Excel. Experience: delivered 3 projects. Highlights: innovative ideas; learning new technologies; organized planning; client presentations; team workshops; stakeholder engagement; mentoring peers; empathetic communication; conflict resolution; resilient problem solving; calm under pressure.",54,52,71,67,69
"Web Developer resume. Bachelor of Technology. Skills: SQL, Machine Learning, Node.js, Power BI, NLP. Experience: delivered 5 projects. Highlights: learning new technologies; innovative ideas; creative experimentation; quality assurance; client presentations; stakeholder engagement; team workshops; conflict resolution; empathetic communication; adaptable execution.",77,26,83,61,53
"Business Analyst resume. Bachelor of Technology. Skills: NLP, AWS, C++, Docker, React. Experience: delivered 3 projects. Highlights: innovative ideas; design thinking; creative experimentation; attention to detail; organized planning; stakeholder engagement; community events; client presentations; team support; mentoring peers; cross-functional collaboration; calm under pressure; deadline management.",77,61,83,89,66
"Machine Learning Intern resume. Master of Computer Applications. Skills: Java, Excel, Docker, Power BI. Experience: delivered 3 projects. Highlights: learning new technologies; reliable delivery; attention to detail; structured documentation; client presentations; community events; team workshops; cross-functional collaboration; conflict resolution; deadline management.",32,76,86,63,36
"Web Developer resume. Computer Science degree. Skills: SQL, Python, React, Java, Power BI, JavaScript, C++, AWS. Experience: delivered 2 projects. Highlights: innovative ideas; learning new technologies; design thinking; organized planning; structured documentation; public speaking; stakeholder engagement; mentoring peers; calm under pressure; steady decision making.",92,59,65,40,69
"Product Associate resume. Master of Computer Applications. Skills: Node.js, AWS, Power BI, NLP. Experience: delivered 2 projects. Highlights: design thinking; organized planning; client presentations; team support; cross-functional collaboration; mentoring peers; calm under pressure; steady decision making.",46,36,43,86,63
"Machine Learning Intern resume. Computer Science degree. Skills: NLP, Git, TensorFlow, Java, Node.js. Experience: delivered 2 projects. Highlights: innovative ideas; attention to detail; structured documentation; reliable delivery; stakeholder engagement; client presentations; conflict resolution; adaptable execution.",39,75,63,43,44
"Product Associate resume. Computer Science degree. Skills: React, Python, TensorFlow, C++. Experience: delivered 2 projects. Highlights: creative experimentation; reliable delivery; community events; team workshops; public speaking; empathetic communication; calm under pressure; adaptable execution; resilient problem solving.",43,51,89,54,82
"Data Analyst resume. Bachelor of Technology. Skills: Docker, Git, NLP, Machine Learning, React, C++. Experience: delivered 3 projects. Highlights: design thinking; innovative ideas; reliable delivery; stakeholder engagement; team workshops; conflict resolution; calm under pressure; resilient problem solving; adaptable execution.",62,49,57,50,65
"Machine Learning Intern resume. Bachelor of Technology. Skills: Python, Git, TensorFlow, Machine Learning, Java, AWS. Experience: delivered 5 projects. Highlights: creative experimentation; curious research; structured documentation; client presentations; community events; stakeholder engagement; cross-functional collaboration; deadline management; resilient problem solving.",58,49,79,46,75
"Data Analyst resume. Master of Computer Applications. Skills: AWS, SQL, Python, TensorFlow, Docker, Power BI. Experience: delivered 2 projects. Highlights: learning new technologies; quality assurance; structured documentation; community events; public speaking; cross-functional collaboration; deadline management.",37,62,61,48,48
"Data Analyst resume. Bachelor of Technology. Skills: SQL, Python, Java, NLP, Node.js. Experience: delivered 5 projects. Highlights: design thinking; learning new technologies; quality assurance; stakeholder engagement; client presentations; public speaking; cross-functional collaboration; resilient problem solving; calm under pressure.",56,42,72,55,62
"Web Developer resume. Master of Computer Applications. Skills: Excel, React, AWS, TensorFlow, Node.js. Experience: delivered 1 projects. Highlights: learning new technologies; structured documentation; stakeholder engagement; cross-functional collaboration; empathetic communication; team support; steady decision making; deadline management; calm under pressure.",34,55,46,72,71
"Software Engineer resume. Bachelor of Science. Skills: Python, TensorFlow, Git, Docker, AWS. Experience: delivered 3 projects. Highlights: learning new technologies; reliable delivery; team workshops; community events; team support; cross-functional collaboration; mentoring peers; resilient problem solving; steady decision making; adaptable execution.",38,45,70,75,80
"Business Analyst resume. Bachelor of Science. Skills: NLP, TensorFlow, Node.js, React. Experience: delivered 2 projects. Highlights: design thinking; reliable delivery; stakeholder engagement; client presentations; team workshops; empathetic communication; mentoring peers; cross-functional collaboration; calm under pressure.",36,42,84,83,32
"Software Engineer resume. Master of Computer Applications. Skills: Python, Java, AWS, Node.js, Excel, Machine Learning, Git. Experience: delivered 5 projects. Highlights: innovative ideas; learning new technologies; curious research; reliable delivery; community events; team support; deadline management; steady decision making; resilient problem solving.",83,46,46,50,81
"Machine Learning Intern resume. Computer Science degree. Skills: React, Docker, TensorFlow, SQL. Experience: delivered 5 projects. Highlights: curious research; design thinking; learning new technologies; structured documentation; organized planning; quality assurance; community events; mentoring peers; steady decision making; resilient problem solving.",81,71,35,44,65
"Software Engineer resume. Computer Science degree. Skills: SQL, Docker, Excel, Git, NLP, AWS, Node.js, C++. Experience: delivered 2 projects. Highlights: learning new technologies; quality assurance; stakeholder engagement; public speaking; team workshops; empathetic communication; cross-functional collaboration; adaptable execution; steady decision making.",50,49,77,59,53
"Software Engineer resume. Computer Science degree. Skills: React, Node.js, NLP, SQL. Experience: delivered 3 projects. Highlights: design thinking; curious research; reliable delivery; structured documentation; attention to detail; client presentations; team support; cross-functional collaboration; deadline management.",66,77,40,64,58
"Machine Learning Intern resume. Bachelor of Science. Skills: Power BI, React, Docker, NLP, SQL. Experience: delivered 1 projects. Highlights: creative experimentation; reliable delivery; attention to detail; public speaking; community events; conflict resolution; empathetic communication; cross-functional collaboration; steady decision making.",34,68,54,78,44
"Data Analyst resume. Computer Science degree. Skills: Excel, NLP, JavaScript, TensorFlow, React, Node.js. Experience: delivered 5 projects. Highlights: learning new technologies; design thinking; structured documentation; organized planning; public speaking; team support; conflict resolution; cross-functional collaboration; adaptable execution; deadline management; steady decision making.",60,49,55,74,74
"Product Associate resume. Master of Computer Applications. Skills: SQL, JavaScript, Machine Learning, Git, AWS, Excel, TensorFlow. Experience: delivered 4 projects. Highlights: design thinking; structured documentation; community events; empathetic communication; deadline management.",44,55,50,39,55
"Product Associate resume. Computer Science degree. Skills: Machine Learning, NLP, Node.js, Python, Docker, JavaScript, TensorFlow, Power BI. Experience: delivered 1 projects. Highlights: design thinking; creative experimentation; structured documentation; organized planning; team workshops; public speaking; empathetic communication; team support; resilient problem solving.",59,58,59,58,34
"Business Analyst resume. Bachelor of Technology. Skills: SQL, Power BI, NLP, TensorFlow. Experience: delivered 2 projects. Highlights: innovative ideas; quality assurance; client presentations; team support; mentoring peers; conflict resolution; steady decision making.",40,36,50,75,38
"Business Analyst resume. Bachelor of Technology. Skills: Python, JavaScript, NLP, SQL. Experience: delivered 2 projects. Highlights: curious research; design thinking; attention to detail; public speaking; community events; cross-functional collaboration; mentoring peers; team support; resilient problem solving; calm under pressure.",70,49,68,83,65
"Web Developer resume. Computer Science degree. Skills: Java, React, Machine Learning, Node.js, NLP. Experience: delivered 5 projects. Highlights: learning new technologies; structured documentation; client presentations; community events; team support; deadline management; adaptable execution.",49,47,67,28,68
"Web Developer resume. Master of Computer Applications. Skills: Node.js, TensorFlow, SQL, NLP, Git, AWS. Experience: delivered 4 projects. Highlights: curious research; attention to detail; quality assurance; team workshops; conflict resolution; empathetic communication; mentoring peers; deadline management.",46,61,47,72,30
"Product Associate resume. Bachelor of Technology. Skills: TensorFlow, C++, Java, NLP. Experience: delivered 3 projects. Highlights: learning new technologies; curious research; organized planning; reliable delivery; attention to detail; client presentations; conflict resolution; mentoring peers; calm under pressure; steady decision making.",59,71,40,69,53
"Web Developer resume. Master of Computer Applications. Skills: JavaScript, TensorFlow, C++, AWS. Experience: delivered 4 projects. Highlights: creative experimentation; attention to detail; reliable delivery; community events; team workshops; stakeholder engagement; conflict resolution; mentoring peers; adaptable execution.",37,59,80,62,57
"Software Engineer resume. Bachelor of Technology. Skills: NLP, C++, AWS, Java, Power BI, Docker. Experience: delivered 1 projects. Highlights: innovative ideas; learning new technologies; creative experimentation; structured documentation; quality assurance; attention to detail; community events; empathetic communication; adaptable execution; steady decision making; calm under pressure.",83,86,43,53,81
"Software Engineer resume. Bachelor of Technology. Skills: Excel, Docker, SQL, Python, NLP, Node.js, C++. Experience: delivered 4 projects. Highlights: creative experimentation; learning new technologies; innovative ideas; structured documentation; public speaking; empathetic communication; resilient problem solving; calm under pressure; deadline management.",84,40,52,45,77
"Data Analyst resume. Bachelor of Technology. Skills: React, Power BI, JavaScript, Docker, Machine Learning. Experience: delivered 5 projects. Highlights: curious research; innovative ideas; creative experimentation; structured documentation; quality assurance; team workshops; community events; client presentations; team support; mentoring peers; empathetic communication; steady decision making.",82,59,61,76,35
"Machine Learning Intern resume. Bachelor of Science. Skills: React, Java, C++, NLP, Git, Machine Learning, AWS. Experience: delivered 1 projects. Highlights: creative experimentation; attention to detail; organized planning; quality assurance; stakeholder engagement; client presentations; team workshops; empathetic communication; adaptable execution.",35,77,76,36,47
"Data Analyst resume. Master of Computer Applications. Skills: AWS, Python, React, Node.js, Power BI, Docker, C++, SQL. Experience: delivered 1 projects. Highlights: design thinking; creative experimentation; attention to detail; reliable delivery; client presentations; community events; team workshops; empathetic communication; cross-functional collaboration; adaptable execution.",63,62,75,63,34
"Data Analyst resume. Master of Computer Applications. Skills: Docker, Node.js, React, AWS, Python, JavaScript. Experience: delivered 1 projects. Highlights: design thinking; innovative ideas; structured documentation; organized planning; community events; cross-functional collaboration; mentoring peers; steady decision making; calm under pressure; deadline management.",69,76,43,68,71
"Data Analyst resume. Master of Computer Applications. Skills: Power BI, Python, SQL, Java, Git, Machine Learning. Experience: delivered 4 projects. Highlights: creative experimentation; reliable delivery; organized planning; stakeholder engagement; conflict resolution; cross-functional collaboration; adaptable execution; deadline management; calm under pressure.",48,62,38,78,68
"Business Analyst resume. Bachelor of Science. Skills: Python, Docker, Excel, Java, JavaScript, Power BI, NLP. Experience: delivered 1 projects. Highlights: creative experimentation; design thinking; attention to detail; community events; stakeholder engagement; public speaking; cross-functional collaboration; adaptable execution.",60,48,91,47,35
"Data Analyst resume. Computer Science degree. Skills: NLP, Python, Excel, Java, React, Power BI, SQL, C++. Experience: delivered 2 projects. Highlights: curious research; innovative ideas; structured documentation; client presentations; team workshops; community events; cross-functional collaboration; conflict resolution; resilient problem solving; deadline management.",61,38,73,67,62
"Machine Learning Intern resume. Master of Computer Applications. Skills: React, Git, Power BI, Excel, AWS, C++, Java, Node.js. Experience: delivered 2 projects. Highlights: curious research; reliable delivery; team workshops; stakeholder engagement; mentoring peers; cross-functional collaboration; calm under pressure; adaptable execution; resilient problem solving.",49,39,51,49,77
"Data Analyst resume. Bachelor of Technology. Skills: Java, Machine Learning, React, Node.js, C++. Experience: delivered 3 projects. Highlights: design thinking; creative experimentation; organized planning; public speaking; stakeholder engagement; conflict resolution; mentoring peers; empathetic communication; calm under pressure; resilient problem solving.",72,56,53,78,71
"Product Associate resume. Bachelor of Technology. Skills: Node.js, Java, SQL, Python, C++, NLP, Docker. Experience: delivered 4 projects. Highlights: learning new technologies; design thinking; creative experimentation; organized planning; structured documentation; quality assurance; public speaking; team support; adaptable execution.",82,83,37,37,54
"Data Analyst resume. Bachelor of Technology. Skills: C++, Python, NLP, AWS, Node.js, Excel. Experience: delivered 3 projects. Highlights: learning new technologies; curious research; structured documentation; organized planning; public speaking; cross-functional collaboration; adaptable execution.",54,65,38,52,51
"Software Engineer resume. Bachelor of Science. Skills: JavaScript, Python, Node.js, TensorFlow, Excel. Experience: delivered 5 projects. Highlights: creative experimentation; design thinking; innovative ideas; structured documentation; reliable delivery; quality assurance; stakeholder engagement; community events; conflict resolution; team support; resilient problem solving; deadline management; adaptable execution.",78,67,59,65,82
"Product Associate resume. Bachelor of Technology. Skills: NLP, TensorFlow, AWS, Node.js, JavaScript, Git. Experience: delivered 4 projects. Highlights: design thinking; reliable delivery; quality assurance; public speaking; community events; conflict resolution; cross-functional collaboration; calm under pressure.",50,48,78,63,40
"Machine Learning Intern resume. Computer Science degree. Skills: Git, JavaScript, Node.js, Excel. Experience: delivered 2 projects. Highlights: design thinking; attention to detail; structured documentation; client presentations; conflict resolution; cross-functional collaboration; steady decision making; adaptable execution.",38,66,36,56,63
"Machine Learning Intern resume. Bachelor of Technology. Skills: Python, Machine Learning, Power BI, React, C++, Node.js. Experience: delivered 3 projects. Highlights: creative experimentation; attention to detail; organized planning; reliable delivery; client presentations; empathetic communication; adaptable execution; deadline management; steady decision making.",59,77,44,45,69
"Software Engineer resume. Master of Computer Applications. Skills: AWS, Java, TensorFlow, Docker, SQL, Power BI, Node.js, JavaScript. Experience: delivered 5 projects. Highlights: innovative ideas; creative experimentation; organized planning; structured documentation; quality assurance; community events; cross-functional collaboration; empathetic communication; conflict resolution; steady decision making.",75,77,39,77,51
"Product Associate resume. Bachelor of Technology. Skills: React, Excel, AWS, Machine Learning, Power BI, NLP, Java, C++. Experience: delivered 2 projects. Highlights: innovative ideas; learning new technologies; curious research; quality assurance; organized planning; team workshops; public speaking; cross-functional collaboration; team support; resilient problem solving; calm under pressure; deadline management.",85,58,55,58,74
"Data Analyst resume. Master of Computer Applications. Skills: AWS, Node.js, React, NLP, Java, Excel, C++. Experience: delivered 2 projects. Highlights: curious research; learning new technologies; quality assurance; organized planning; reliable delivery; client presentations; stakeholder engagement; public speaking; conflict resolution; adaptable execution.",64,82,72,37,43
"Business Analyst resume. Bachelor of Science. Skills: NLP, React, Git, Docker, Java, C++, JavaScript. Experience: delivered 4 projects. Highlights: curious research; learning new technologies; structured documentation; reliable delivery; client presentations; public speaking; stakeholder engagement; conflict resolution; calm under pressure; steady decision making; deadline management.",66,57,80,44,76
"Software Engineer resume. Computer Science degree. Skills: C++, JavaScript, Git, Python, Java. Experience: delivered 3 projects. Highlights: innovative ideas; design thinking; curious research; reliable delivery; organized planning; structured documentation; stakeholder engagement; community events; public speaking; empathetic communication; adaptable execution; deadline management; steady decision making.",76,75,80,39,69
"Machine Learning Intern resume. Bachelor of Technology. Skills: Power BI, Machine Learning, React, C++, Node.js, SQL, AWS. Experience: delivered 1 projects. Highlights: creative experimentation; curious research; design thinking; structured documentation; organized planning; team workshops; client presentations; stakeholder engagement; conflict resolution; mentoring peers; deadline management; steady decision making; calm under pressure.",83,76,72,66,76
"Data Analyst resume. Master of Computer Applications. Skills: NLP, AWS, TensorFlow, Excel, Git, Docker, Java, Power BI. Experience: delivered 1 projects. Highlights: learning new technologies; structured documentation; reliable delivery; attention to detail; team workshops; community events; conflict resolution; cross-functional collaboration; resilient problem solving; calm under pressure.",36,80,55,60,61
"Business Analyst resume. Master of Computer Applications. Skills: Excel, JavaScript, Java, Python, React, Docker. Experience: delivered 5 projects. Highlights: design thinking; quality assurance; community events; stakeholder engagement; team support; conflict resolution; deadline management.",46,48,69,59,41
"Data Analyst resume. Bachelor of Technology. Skills: NLP, Excel, SQL, React, TensorFlow, Node.js. Experience: delivered 2 projects. Highlights: curious research; creative experimentation; design thinking; reliable delivery; structured documentation; stakeholder engagement; empathetic communication; conflict resolution; steady decision making.",67,56,43,52,53
"Product Associate resume. Master of Computer Applications. Skills: NLP, Docker, Power BI, Git, Machine Learning, JavaScript. Experience: delivered 1 projects. Highlights: design thinking; creative experimentation; quality assurance; attention to detail; client presentations; stakeholder engagement; community events; team support; resilient problem solving.",69,74,90,38,45
"Web Developer resume. Bachelor of Technology. Skills: JavaScript, Machine Learning, AWS, Node.js, Git, Java. Experience: delivered 3 projects. Highlights: learning new technologies; innovative ideas; creative experimentation; attention to detail; reliable delivery; structured documentation; client presentations; team support; cross-functional collaboration; resilient problem solving; calm under pressure.",76,83,45,59,63
"Web Developer resume. Computer Science degree. Skills: Node.js, Git, JavaScript, Java, Excel. Experience: delivered 3 projects. Highlights: design thinking; reliable delivery; attention to detail; community events; cross-functional collaboration; conflict resolution; mentoring peers; resilient problem solving; deadline management; calm under pressure.",36,64,41,84,85
"Product Associate resume. Bachelor of Science. Skills: Python, Docker, Power BI, Node.js, NLP. Experience: delivered 3 projects. Highlights: curious research; organized planning; stakeholder engagement; client presentations; team workshops; conflict resolution; adaptable execution; resilient problem solving.",42,51,77,42,65
"Product Associate resume. Computer Science degree. Skills: React, SQL, Excel, Node.js. Experience: delivered 3 projects. Highlights: curious research; innovative ideas; structured documentation; quality assurance; stakeholder engagement; public speaking; community events; mentoring peers; steady decision making.",60,65,74,49,57
"Product Associate resume. Bachelor of Technology. Skills: Docker, TensorFlow, React, Python, Node.js, Java, Machine Learning, Excel. Experience: delivered 5 projects. Highlights: learning new technologies; reliable delivery; organized planning; attention to detail; stakeholder engagement; team workshops; mentoring peers; deadline management.",49,82,67,42,42
"Business Analyst resume. Bachelor of Science. Skills: Node.js, Git, Docker, React. Experience: delivered 5 projects. Highlights: learning new technologies; design thinking; curious research; structured documentation; quality assurance; public speaking; cross-functional collaboration; team support; empathetic communication; resilient problem solving; steady decision making.",90,54,51,76,51
"Business Analyst resume. Bachelor of Science. Skills: C++, AWS, Excel, Machine Learning, SQL, Python. Experience: delivered 3 projects. Highlights: design thinking; reliable delivery; attention to detail; quality assurance; community events; client presentations; public speaking; cross-functional collaboration; deadline management; calm under pressure; steady decision making.",42,86,71,54,69
"Software Engineer resume. Computer Science degree. Skills: Python, Java, C++, Machine Learning. Experience: delivered 4 projects. Highlights: curious research; innovative ideas; attention to detail; public speaking; team support; mentoring peers; resilient problem solving; adaptable execution.",63,49,51,69,62
"Software Engineer resume. Computer Science degree. Skills: TensorFlow, Docker, JavaScript, Power BI, Node.js, SQL, NLP. Experience: delivered 1 projects. Highlights: curious research; attention to detail; client presentations; team support; calm under pressure.",29,42,48,46,36
"Product Associate resume. Computer Science degree. Skills: Node.js, Git, React, SQL, C++, NLP. Experience: delivered 3 projects. Highlights: creative experimentation; quality assurance; structured documentation; organized planning; community events; public speaking; team support; mentoring peers; conflict resolution; calm under pressure.",26,76,66,69,45
"Business Analyst resume. Bachelor of Technology. Skills: Power BI, Docker, AWS, Machine Learning, SQL, Git, React. Experience: delivered 4 projects. Highlights: innovative ideas; learning new technologies; reliable delivery; community events; conflict resolution; empathetic communication; deadline management; calm under pressure.",63,43,52,65,69
"Data Analyst resume. Computer Science degree. Skills: Java, Git, NLP, React, SQL. Experience: delivered 5 projects. Highlights: design thinking; creative experimentation; innovative ideas; reliable delivery; public speaking; team workshops; cross-functional collaboration; conflict resolution; adaptable execution; resilient problem solving.",85,51,63,56,63
"Machine Learning Intern resume. Bachelor of Science. Skills: NLP, Docker, Python, Node.js, React, Machine Learning, Git, C++. Experience: delivered 3 projects. Highlights: curious research; creative experimentation; structured documentation; reliable delivery; stakeholder engagement; public speaking; community events; team support; empathetic communication; calm under pressure; steady decision making; deadline management.",61,69,80,68,80
"Product Associate resume. Bachelor of Science. Skills: Java, SQL, Python, Docker, Git, JavaScript, Machine Learning. Experience: delivered 5 projects. Highlights: creative experimentation; design thinking; structured documentation; organized planning; attention to detail; team workshops; client presentations; empathetic communication; cross-functional collaboration; resilient problem solving; adaptable execution.",59,83,65,63,73
"Business Analyst resume. Master of Computer Applications. Skills: JavaScript, Node.js, Machine Learning, TensorFlow, React. Experience: delivered 5 projects. Highlights: learning new technologies; innovative ideas; reliable delivery; quality assurance; community events; team support; adaptable execution.",58,54,39,50,40
"Data Analyst resume. Bachelor of Technology. Skills: Git, SQL, Python, Node.js, React. Experience: delivered 5 projects. Highlights: innovative ideas; curious research; creative experimentation; quality assurance; stakeholder engagement; client presentations; team support; mentoring peers; resilient problem solving.",73,55,65,59,50
"Business Analyst resume. Computer Science degree. Skills: Node.js, Java, Docker, NLP, C++, AWS. Experience: delivered 3 projects. Highlights: learning new technologies; curious research; organized planning; reliable delivery; community events; empathetic communication; steady decision making; calm under pressure; deadline management.",62,63,40,29,75
"Data Analyst resume. Bachelor of Science. Skills: TensorFlow, Excel, Docker, AWS, NLP, C++, Node.js, Git. Experience: delivered 1 projects. Highlights: creative experimentation; curious research; organized planning; attention to detail; public speaking; team workshops; stakeholder engagement; conflict resolution; cross-functional collaboration; mentoring peers; adaptable execution.",77,75,83,72,50
"Data Analyst resume. Computer Science degree. Skills: Excel, Git, Docker, TensorFlow, Java, AWS, Node.js, SQL. Experience: delivered 4 projects. Highlights: curious research; design thinking; creative experimentation; structured documentation; client presentations; team support; calm under pressure; adaptable execution; deadline management.",82,49,42,37,71
"Web Developer resume. Master of Computer Applications. Skills: Power BI, Excel, Node.js, TensorFlow, SQL, Machine Learning, Docker. Experience: delivered 2 projects. Highlights: innovative ideas; design thinking; learning new technologies; organized planning; attention to detail; team workshops; public speaking; stakeholder engagement; empathetic communication; mentoring peers; adaptable execution; deadline management.",87,62,81,59,55
"Software Engineer resume. Master of Computer Applications. Skills: Machine Learning, React, Python, NLP, Node.js, AWS. Experience: delivered 3 projects. Highlights: innovative ideas; structured documentation; attention to detail; community events; team workshops; mentoring peers; team support; cross-functional collaboration; calm under pressure; resilient problem solving; deadline management.",33,61,68,88,73
"Web Developer resume. Computer Science degree. Skills: Java, Power BI, Git, NLP. Experience: delivered 4 projects. Highlights: innovative ideas; learning new technologies; structured documentation; client presentations; public speaking; team workshops; cross-functional collaboration; adaptable execution.",56,27,78,50,33
"Machine Learning Intern resume. Bachelor of Technology. Skills: Git, TensorFlow, Power BI, Python. Experience: delivered 5 projects. Highlights: design thinking; organized planning; quality assurance; public speaking; client presentations; community events; empathetic communication; conflict resolution; cross-functional collaboration; calm under pressure; deadline management; adaptable execution.",52,70,82,74,82
"Data Analyst resume. Master of Computer Applications. Skills: SQL, React, Excel, Machine Learning. Experience: delivered 1 projects. Highlights: creative experimentation; reliable delivery; public speaking; team workshops; community events; team support; cross-functional collaboration; conflict resolution; deadline management; adaptable execution; steady decision making.",52,53,77,76,86
"Product Associate resume. Bachelor of Technology. Skills: SQL, AWS, Git, NLP, C++, Power BI. Experience: delivered 1 projects. Highlights: curious research; quality assurance; structured documentation; team workshops; cross-functional collaboration; steady decision making; adaptable execution; deadline management.",41,66,35,41,64
"Machine Learning Intern resume. Bachelor of Technology. Skills: SQL, Power BI, React, Node.js, TensorFlow, Excel, JavaScript. Experience: delivered 4 projects. Highlights: innovative ideas; quality assurance; client presentations; team workshops; community events; empathetic communication; steady decision making.",35,48,81,40,53
"Software Engineer resume. Computer Science degree. Skills: Node.js, C++, Power BI, Git, Java. Experience: delivered 3 projects. Highlights: design thinking; innovative ideas; curious research; attention to detail; team workshops; team support; resilient problem solving.",74,52,47,49,43
"Software Engineer resume. Bachelor of Science. Skills: React, AWS, Power BI, Machine Learning, Excel, Node.js. Experience: delivered 3 projects. Highlights: design thinking; learning new technologies; innovative ideas; attention to detail; organized planning; community events; stakeholder engagement; empathetic communication; conflict resolution; team support; deadline management; steady decision making; adaptable execution.",65,63,54,92,75
"Machine Learning Intern resume. Bachelor of Technology. Skills: AWS, NLP, Docker, TensorFlow, Java, Python. Experience: delivered 3 projects. Highlights: design thinking; attention to detail; structured documentation; team workshops; mentoring peers; adaptable execution.",52,63,50,34,42
"Business Analyst resume. Computer Science degree. Skills: Git, Excel, NLP, C++. Experience: delivered 4 projects. Highlights: innovative ideas; organized planning; team workshops; public speaking; team support; empathetic communication; deadline management; resilient problem solving.",36,41,60,62,65
"Data Analyst resume. Bachelor of Science. Skills: Docker, Excel, Node.js, NLP, C++, Power BI, Python. Experience: delivered 3 projects. Highlights: design thinking; innovative ideas; structured documentation; stakeholder engagement; team support; cross-functional collaboration; mentoring peers; adaptable execution; calm under pressure.",64,56,50,82,52
"Data Analyst resume. Master of Computer Applications. Skills: Git, Python, TensorFlow, JavaScript, React. Experience: delivered 3 projects. Highlights: curious research; design thinking; innovative ideas; reliable delivery; organized planning; structured documentation; public speaking; team workshops; team support; deadline management; adaptable execution.",71,79,74,47,76
"Product Associate resume. Computer Science degree. Skills: JavaScript, AWS, SQL, Git, Machine Learning, Docker, React. Experience: delivered 4 projects. Highlights: creative experimentation; attention to detail; team workshops; conflict resolution; steady decision making; calm under pressure.",42,52,49,57,60
"Data Analyst resume. Master of Computer Applications. Skills: SQL, AWS, Git, TensorFlow, NLP, Python, React, JavaScript. Experience: delivered 3 projects. Highlights: curious research; innovative ideas; creative experimentation; structured documentation; public speaking; community events; stakeholder engagement; mentoring peers; adaptable execution; deadline management.",76,45,92,44,57
"Machine Learning Intern resume. Computer Science degree. Skills: Docker, TensorFlow, JavaScript, C++, Excel, Node.js. Experience: delivered 4 projects. Highlights: learning new technologies; creative experimentation; attention to detail; quality assurance; stakeholder engagement; empathetic communication; cross-functional collaboration; mentoring peers; steady decision making; deadline management; calm under pressure.",60,69,42,67,71
"Data Analyst resume. Master of Computer Applications. Skills: TensorFlow, Java, Docker, Python. Experience: delivered 2 projects. Highlights: learning new technologies; quality assurance; client presentations; stakeholder engagement; cross-functional collaboration; steady decision making.",35,43,65,44,47
"Data Analyst resume. Computer Science degree. Skills: AWS, Excel, Git, Power BI, C++, Machine Learning, TensorFlow, SQL. Experience: delivered 5 projects. Highlights: creative experimentation; learning new technologies; structured documentation; quality assurance; client presentations; public speaking; mentoring peers; team support; conflict resolution; calm under pressure; deadline management.",80,65,57,78,67
"Business Analyst resume. Master of Computer Applications. Skills: Python, SQL, Git, Excel, AWS, C++. Experience: delivered 3 projects. Highlights: creative experimentation; innovative ideas; learning new technologies; quality assurance; reliable delivery; team workshops; stakeholder engagement; community events; cross-functional collaboration; deadline management.",80,56,82,41,35
"Software Engineer resume. Computer Science degree. Skills: NLP, SQL, AWS, Power BI. Experience: delivered 2 projects. Highlights: creative experimentation; innovative ideas; attention to detail; reliable delivery; public speaking; stakeholder engagement; client presentations; mentoring peers; steady decision making; adaptable execution; deadline management.",57,62,79,49,83
"Machine Learning Intern resume. Master of Computer Applications. Skills: React, Java, Power BI, Machine Learning, NLP, Git, Python, SQL. Experience: delivered 1 projects. Highlights: curious research; structured documentation; stakeholder engagement; public speaking; team support; deadline management.",46,42,63,37,44
"Business Analyst resume. Master of Computer Applications. Skills: Java, Docker, SQL, React. Experience: delivered 3 projects. Highlights: learning new technologies; quality assurance; organized planning; attention to detail; public speaking; stakeholder engagement; team workshops; cross-functional collaboration; empathetic communication; team support; steady decision making.",43,75,76,76,45
"Software Engineer resume. Computer Science degree. Skills: Docker, JavaScript, TensorFlow, Node.js, Power BI, Python, C++, React. Experience: delivered 2 projects. Highlights: creative experimentation; innovative ideas; learning new technologies; structured documentation; attention to detail; stakeholder engagement; public speaking; empathetic communication; team support; mentoring peers; calm under pressure.",75,67,68,81,49
"Product Associate resume. Bachelor of Technology. Skills: Java, Git, NLP, Docker, TensorFlow, Excel, AWS, Power BI. Experience: delivered 3 projects. Highlights: innovative ideas; organized planning; team workshops; community events; cross-functional collaboration; team support; conflict resolution; calm under pressure; steady decision making; deadline management.",57,51,60,71,85
"Software Engineer resume. Bachelor of Science. Skills: TensorFlow, Git, Machine Learning, AWS. Experience: delivered 5 projects. Highlights: learning new technologies; design thinking; attention to detail; quality assurance; stakeholder engagement; public speaking; mentoring peers; cross-functional collaboration; adaptable execution.",54,56,59,66,49
"Product Associate resume. Bachelor of Science. Skills: Excel, Python, C++, Node.js, Machine Learning, Git, React. Experience: delivered 4 projects. Highlights: learning new technologies; design thinking; organized planning; team workshops; conflict resolution; empathetic communication; team support; steady decision making; deadline management.",61,50,49,82,53
"Machine Learning Intern resume. Bachelor of Technology. Skills: AWS, Excel, React, Docker, NLP, Node.js, C++. Experience: delivered 3 projects. Highlights: curious research; creative experimentation; innovative ideas; reliable delivery; team workshops; empathetic communication; mentoring peers; adaptable execution.",68,40,39,57,46
"Web Developer resume. Bachelor of Science. Skills: Machine Learning, Java, AWS, Git. Experience: delivered 1 projects. Highlights: learning new technologies; design thinking; structured documentation; reliable delivery; stakeholder engagement; team workshops; empathetic communication; mentoring peers; steady decision making.",71,69,78,60,47
"Web Developer resume. Computer Science degree. Skills: React, JavaScript, NLP, TensorFlow, Git, SQL, AWS, Python. Experience: delivered 5 projects. Highlights: learning new technologies; curious research; organized planning; attention to detail; quality assurance; community events; client presentations; public speaking; conflict resolution; mentoring peers; calm under pressure; steady decision making.",59,73,77,69,57
"Data Analyst resume. Computer Science degree. Skills: React, NLP, Git, Excel. Experience: delivered 2 projects. Highlights: curious research; design thinking; structured documentation; team workshops; team support; empathetic communication; steady decision making; calm under pressure.",70,47,38,67,63
"Business Analyst resume. Bachelor of Technology. Skills: Excel, Docker, Node.js, Power BI. Experience: delivered 5 projects. Highlights: creative experimentation; innovative ideas; design thinking; attention to detail; stakeholder engagement; client presentations; cross-functional collaboration; conflict resolution; deadline management; adaptable execution; resilient problem solving.",81,45,57,61,80
"Software Engineer resume. Bachelor of Science. Skills: SQL, JavaScript, Node.js, NLP. Experience: delivered 3 projects. Highlights: learning new technologies; creative experimentation; curious research; structured documentation; organized planning; public speaking; stakeholder engagement; community events; conflict resolution; deadline management; adaptable execution.",74,64,80,33,61
"Web Developer resume. Master of Computer Applications. Skills: AWS, Node.js, Power BI, Git, C++, Excel. Experience: delivered 5 projects. Highlights: learning new technologies; curious research; reliable delivery; organized planning; attention to detail; client presentations; stakeholder engagement; mentoring peers; resilient problem solving.",63,72,52,44,53
"Web Developer resume. Computer Science degree. Skills: Power BI, JavaScript, NLP, TensorFlow, Node.js, Git. Experience: delivered 3 projects. Highlights: curious research; quality assurance; reliable delivery; organized planning; team workshops; team support; conflict resolution; mentoring peers; steady decision making.",56,70,40,79,50
"Web Developer resume. Computer Science degree. Skills: NLP, Python, Node.js, AWS, Machine Learning. Experience: delivered 4 projects. Highlights: design thinking; reliable delivery; structured documentation; attention to detail; team workshops; client presentations; stakeholder engagement; conflict resolution; steady decision making.",39,87,76,51,46
"Data Analyst resume. Bachelor of Science. Skills: Python, TensorFlow, SQL, AWS, React, Node.js, Java. Experience: delivered 3 projects. Highlights: design thinking; innovative ideas; learning new technologies; reliable delivery; stakeholder engagement; community events; empathetic communication; mentoring peers; cross-functional collaboration; deadline management.",69,42,60,80,43
"Business Analyst resume. Bachelor of Technology. Skills: TensorFlow, SQL, AWS, Machine Learning, Java, Node.js, Power BI. Experience: delivered 1 projects. Highlights: curious research; innovative ideas; design thinking; structured documentation; organized planning; reliable delivery; community events; team workshops; public speaking; empathetic communication; team support; mentoring peers; calm under pressure.",73,87,81,79,38
"Data Analyst resume. Master of Computer Applications. Skills: Machine Learning, Node.js, SQL, Power BI, React, Excel. Experience: delivered 1 projects. Highlights: innovative ideas; curious research; attention to detail; quality assurance; stakeholder engagement; team workshops; cross-functional collaboration; adaptable execution.",63,75,74,53,51
"Software Engineer resume. Bachelor of Science. Skills: Git, SQL, C++, React. Experience: delivered 5 projects. Highlights: design thinking; structured documentation; stakeholder engagement; cross-functional collaboration; conflict resolution; empathetic communication; calm under pressure; resilient problem solving; deadline management.",50,46,49,68,78
"Business Analyst resume. Master of Computer Applications. Skills: Git, TensorFlow, JavaScript, AWS, Machine Learning, C++. Experience: delivered 3 projects. Highlights: learning new technologies; creative experimentation; structured documentation; team workshops; stakeholder engagement; cross-functional collaboration; steady decision making; deadline management; adaptable execution.",67,54,73,37,72
"Data Analyst resume. Bachelor of Science. Skills: AWS, Machine Learning, Git, Excel. Experience: delivered 1 projects. Highlights: design thinking; quality assurance; reliable delivery; stakeholder engagement; cross-functional collaboration; empathetic communication; deadline management.",53,68,51,53,53
"Business Analyst resume. Bachelor of Science. Skills: Node.js, AWS, Excel, Machine Learning, Git, SQL, C++, React. Experience: delivered 3 projects. Highlights: learning new technologies; innovative ideas; design thinking; quality assurance; attention to detail; team workshops; client presentations; stakeholder engagement; empathetic communication; steady decision making.",85,59,78,51,38
"Machine Learning Intern resume. Master of Computer Applications. Skills: React, Node.js, Git, Java, AWS, JavaScript. Experience: delivered 3 projects. Highlights: curious research; attention to detail; community events; team workshops; stakeholder engagement; conflict resolution; mentoring peers; adaptable execution; deadline management; steady decision making.",40,52,88,62,92
"Machine Learning Intern resume. Master of Computer Applications. Skills: Python, Java, Power BI, React, Excel, Node.js. Experience: delivered 1 projects. Highlights: design thinking; learning new technologies; curious research; organized planning; structured documentation; client presentations; stakeholder engagement; team support; resilient problem solving; deadline management.",81,67,62,55,60
"Business Analyst resume. Computer Science degree. Skills: Git, Python, Excel, TensorFlow, Docker, C++, React, Node.js. Experience: delivered 1 projects. Highlights: design thinking; curious research; attention to detail; structured documentation; public speaking; client presentations; stakeholder engagement; empathetic communication; conflict resolution; steady decision making; deadline management.",56,65,84,66,55
"Machine Learning Intern resume. Bachelor of Science. Skills: Excel, Power BI, Docker, JavaScript, Java, NLP. Experience: delivered 5 projects. Highlights: design thinking; reliable delivery; stakeholder engagement; public speaking; client presentations; mentoring peers; empathetic communication; calm under pressure.",42,34,76,55,49
"Machine Learning Intern resume. Master of Computer Applications. Skills: Power BI, React, JavaScript, AWS, Git, Java, TensorFlow. Experience: delivered 2 projects. Highlights: design thinking; reliable delivery; quality assurance; client presentations; empathetic communication; cross-functional collaboration; steady decision making; adaptable execution.",36,73,48,49,68
"Business Analyst resume. Computer Science degree. Skills: Python, NLP, Docker, C++, Machine Learning, AWS. Experience: delivered 3 projects. Highlights: creative experimentation; curious research; design thinking; structured documentation; quality assurance; attention to detail; stakeholder engagement; cross-functional collaboration; adaptable execution; calm under pressure; steady decision making.",77,82,53,53,70
"Machine Learning Intern resume. Computer Science degree. Skills: Excel, SQL, C++, TensorFlow, Docker. Experience: delivered 4 projects. Highlights: creative experimentation; design thinking; quality assurance; organized planning; community events; team workshops; public speaking; cross-functional collaboration; adaptable execution; deadline management; steady decision making.",72,52,72,35,77
"Machine Learning Intern resume. Bachelor of Science. Skills: Java, Docker, Python, Excel, React, AWS, C++, JavaScript. Experience: delivered 5 projects. Highlights: curious research; innovative ideas; design thinking; quality assurance; stakeholder engagement; client presentations; team workshops; conflict resolution; team support; calm under pressure.",86,46,79,56,42
"Machine Learning Intern resume. Bachelor of Science. Skills: NLP, Java, Python, JavaScript, Machine Learning, AWS, SQL, C++. Experience: delivered 2 projects. Highlights: curious research; innovative ideas; learning new technologies; quality assurance; attention to detail; organized planning; team workshops; community events; team support; empathetic communication; calm under pressure; adaptable execution.",70,87,55,71,65
"Web Developer resume. Bachelor of Science. Skills: Java, Docker, Python, Git. Experience: delivered 4 projects. Highlights: curious research; attention to detail; public speaking; cross-functional collaboration; empathetic communication; deadline management.",43,48,42,64,54
"Web Developer resume. Master of Computer Applications. Skills: SQL, Git, Power BI, NLP, AWS. Experience: delivered 4 projects. Highlights: curious research; structured documentation; organized planning; client presentations; team workshops; conflict resolution; cross-functional collaboration; resilient problem solving.",32,59,60,58,41
"Software Engineer resume. Computer Science degree. Skills: Excel, Docker, Java, SQL, AWS, TensorFlow, Node.js. Experience: delivered 3 projects. Highlights: learning new technologies; reliable delivery; community events; cross-functional collaboration; mentoring peers; calm under pressure; adaptable execution.",41,44,40,62,57
"Machine Learning Intern resume. Computer Science degree. Skills: JavaScript, C++, Power BI, Git, Python, TensorFlow, React, Node.js. Experience: delivered 2 projects. Highlights: learning new technologies; structured documentation; organized planning; attention to detail; public speaking; cross-functional collaboration; empathetic communication; conflict resolution; resilient problem solving; calm under pressure; deadline management.",53,73,39,80,74
"Software Engineer resume. Bachelor of Technology. Skills: Docker, TensorFlow, AWS, Node.js, NLP, Excel. Experience: delivered 3 projects. Highlights: curious research; innovative ideas; organized planning; team workshops; cross-functional collaboration; mentoring peers; resilient problem solving.",58,50,44,72,45
"Software Engineer resume. Bachelor of Technology. Skills: AWS, React, SQL, Docker. Experience: delivered 4 projects. Highlights: learning new technologies; organized planning; structured documentation; community events; conflict resolution; empathetic communication; cross-functional collaboration; calm under pressure.",34,66,38,86,41
"Web Developer resume. Bachelor of Science. Skills: NLP, TensorFlow, Power BI, SQL, Git, Java. Experience: delivered 2 projects. Highlights: design thinking; creative experimentation; reliable delivery; structured documentation; stakeholder engagement; public speaking; empathetic communication; team support; adaptable execution.",64,60,71,58,47
"Machine Learning Intern resume. Master of Computer Applications. Skills: React, Node.js, JavaScript, Power BI, TensorFlow. Experience: delivered 4 projects. Highlights: creative experimentation; organized planning; structured documentation; public speaking; conflict resolution; calm under pressure.",50,61,47,52,53
"Data Analyst resume. Computer Science degree. Skills: JavaScript, TensorFlow, Python, React. Experience: delivered 3 projects. Highlights: innovative ideas; curious research; learning new technologies; structured documentation; reliable delivery; quality assurance; team workshops; client presentations; mentoring peers; cross-functional collaboration; resilient problem solving; adaptable execution.",82,72,61,60,72
"Machine Learning Intern resume. Master of Computer Applications. Skills: Power BI, Node.js, TensorFlow, Machine Learning. Experience: delivered 2 projects. Highlights: curious research; quality assurance; structured documentation; stakeholder engagement; team workshops; mentoring peers; team support; adaptable execution; deadline management.",32,67,64,67,51
"Business Analyst resume. Master of Computer Applications. Skills: React, Git, SQL, Excel. Experience: delivered 2 projects. Highlights: learning new technologies; organized planning; reliable delivery; community events; public speaking; cross-functional collaboration; team support; empathetic communication; calm under pressure; resilient problem solving.",49,62,61,87,68
"Business Analyst resume. Bachelor of Technology. Skills: Machine Learning, NLP, Excel, JavaScript, Java, C++. Experience: delivered 5 projects. Highlights: creative experimentation; curious research; structured documentation; community events; team workshops; empathetic communication; conflict resolution; calm under pressure; resilient problem solving.",59,58,65,65,65
"Business Analyst resume. Computer Science degree. Skills: Node.js, Python, Docker, C++, Excel. Experience: delivered 4 projects. Highlights: curious research; innovative ideas; attention to detail; organized planning; team workshops; conflict resolution; empathetic communication; team support; resilient problem solving; deadline management.",62,65,50,80,69
"Data Analyst resume. Computer Science degree. Skills: JavaScript, Git, C++, React, Docker. Experience: delivered 4 projects. Highlights: creative experimentation; design thinking; reliable delivery; quality assurance; team workshops; conflict resolution; cross-functional collaboration; mentoring peers; deadline management.",65,51,37,84,54
"Machine Learning Intern resume. Bachelor of Technology. Skills: JavaScript, TensorFlow, Node.js, AWS, Python, SQL, Machine Learning. Experience: delivered 5 projects. Highlights: curious research; innovative ideas; creative experimentation; structured documentation; client presentations; conflict resolution; empathetic communication; resilient problem solving.",76,46,44,60,37
"Data Analyst resume. Computer Science degree. Skills: TensorFlow, Git, Docker, NLP. Experience: delivered 3 projects. Highlights: creative experimentation; learning new technologies; attention to detail; client presentations; public speaking; team workshops; cross-functional collaboration; mentoring peers; steady decision making.",66,46,83,59,52
"Web Developer resume. Master of Computer Applications. Skills: Java, Excel, Node.js, Power BI. Experience: delivered 3 projects. Highlights: design thinking; quality assurance; reliable delivery; team workshops; mentoring peers; deadline management; adaptable execution; calm under pressure.",49,63,42,46,79
"Business Analyst resume. Computer Science degree. Skills: SQL, Excel, Power BI, Git, Machine Learning, NLP. Experience: delivered 5 projects. Highlights: innovative ideas; design thinking; creative experimentation; organized planning; quality assurance; stakeholder engagement; team workshops; conflict resolution; mentoring peers; resilient problem solving; deadline management; steady decision making.",76,56,55,59,73
"Product Associate resume. Bachelor of Technology. Skills: AWS, TensorFlow, Excel, Git. Experience: delivered 4 projects. Highlights: creative experimentation; design thinking; quality assurance; organized planning; structured documentation; team workshops; public speaking; conflict resolution; adaptable execution; deadline management; resilient problem solving.",72,75,58,35,65
"Product Associate resume. Master of Computer Applications. Skills: AWS, React, Node.js, Git, Python, C++. Experience: delivered 2 projects. Highlights: creative experimentation; curious research; innovative ideas; attention to detail; organized planning; reliable delivery; public speaking; client presentations; team workshops; mentoring peers; cross-functional collaboration; deadline management; steady decision making; resilient problem solving.",70,85,75,58,75
"Business Analyst resume. Computer Science degree. Skills: SQL, Power BI, C++, TensorFlow, Docker, AWS. Experience: delivered 2 projects. Highlights: innovative ideas; structured documentation; reliable delivery; team workshops; stakeholder engagement; client presentations; team support; conflict resolution; adaptable execution; resilient problem solving; deadline management.",54,73,81,75,73
"Business Analyst resume. Master of Computer Applications. Skills: NLP, Node.js, Machine Learning, Power BI, TensorFlow. Experience: delivered 5 projects. Highlights: learning new technologies; innovative ideas; curious research; structured documentation; reliable delivery; team workshops; empathetic communication; steady decision making; calm under pressure; deadline management.",87,53,51,49,75
"Business Analyst resume. Bachelor of Technology. Skills: C++, Docker, SQL, Power BI, Node.js. Experience: delivered 3 projects. Highlights: creative experimentation; curious research; organized planning; client presentations; stakeholder engagement; team support; empathetic communication; conflict resolution; steady decision making; adaptable execution; resilient problem solving.",68,47,58,76,76
"Software Engineer resume. Master of Computer Applications. Skills: Git, TensorFlow, Excel, React, JavaScript. Experience: delivered 2 projects. Highlights: curious research; reliable delivery; organized planning; stakeholder engagement; empathetic communication; resilient problem solving; adaptable execution.",51,64,36,48,70
"Machine Learning Intern resume. Bachelor of Technology. Skills: Docker, AWS, Java, React, Excel, Machine Learning. Experience: delivered 2 projects. Highlights: design thinking; quality assurance; attention to detail; structured documentation; team workshops; stakeholder engagement; conflict resolution; mentoring peers; steady decision making; adaptable execution.",38,82,68,66,73
"Business Analyst resume. Computer Science degree. Skills: Node.js, NLP, Python, Git, Java, Power BI, TensorFlow. Experience: delivered 1 projects. Highlights: design thinking; curious research; organized planning; structured documentation; reliable delivery; public speaking; cross-functional collaboration; empathetic communication; team support; steady decision making; resilient problem solving.",57,80,52,80,67
"Product Associate resume. Bachelor of Science. Skills: Node.js, Power BI, Python, Java, NLP, Git, Docker, JavaScript. Experience: delivered 4 projects. Highlights: creative experimentation; reliable delivery; stakeholder engagement; team workshops; cross-functional collaboration; team support; calm under pressure; steady decision making.",42,38,69,63,74
"Web Developer resume. Bachelor of Science. Skills: SQL, Excel, C++, NLP, Java, Machine Learning, Docker, JavaScript. Experience: delivered 2 projects. Highlights: innovative ideas; attention to detail; structured documentation; team workshops; public speaking; client presentations; conflict resolution; cross-functional collaboration; team support; steady decision making.",57,68,76,82,57
"Machine Learning Intern resume. Bachelor of Science. Skills: Power BI, Git, JavaScript, AWS, Excel, SQL, Node.js. Experience: delivered 4 projects. Highlights: creative experimentation; learning new technologies; innovative ideas; organized planning; reliable delivery; quality assurance; client presentations; stakeholder engagement; public speaking; mentoring peers; deadline management.",66,82,83,49,49
"Business Analyst resume. Bachelor of Technology. Skills: Excel, SQL, Machine Learning, Node.js, Python, NLP, TensorFlow. Experience: delivered 3 projects. Highlights: learning new technologies; attention to detail; quality assurance; public speaking; cross-functional collaboration; steady decision making.",52,68,40,43,49
"Business Analyst resume. Bachelor of Science. Skills: AWS, Java, SQL, JavaScript, React, NLP, Git, Power BI. Experience: delivered 3 projects. Highlights: creative experimentation; reliable delivery; stakeholder engagement; team support; cross-functional collaboration; adaptable execution.",41,44,27,66,35
"Business Analyst resume. Bachelor of Science. Skills: C++, Excel, SQL, Node.js, Power BI, Java, AWS, JavaScript. Experience: delivered 1 projects. Highlights: design thinking; attention to detail; structured documentation; reliable delivery; team workshops; conflict resolution; empathetic communication; mentoring peers; calm under pressure; adaptable execution.",39,77,45,68,51
"Machine Learning Intern resume. Bachelor of Technology. Skills: JavaScript, React, Git, Java, Docker, Python. Experience: delivered 4 projects. Highlights: innovative ideas; learning new technologies; quality assurance; stakeholder engagement; community events; client presentations; conflict resolution; calm under pressure; steady decision making; adaptable execution.",64,50,79,47,68
"Software Engineer resume. Master of Computer Applications. Skills: Docker, C++, Java, SQL, Git, Python, TensorFlow. Experience: delivered 5 projects. Highlights: design thinking; creative experimentation; innovative ideas; reliable delivery; structured documentation; quality assurance; team workshops; public speaking; community events; empathetic communication; mentoring peers; cross-functional collaboration; steady decision making.",76,81,83,74,37
"Product Associate resume. Bachelor of Science. Skills: Power BI, Python, Machine Learning, Java, C++, Node.js. Experience: delivered 3 projects. Highlights: innovative ideas; creative experimentation; quality assurance; organized planning; structured documentation; client presentations; public speaking; conflict resolution; adaptable execution; resilient problem solving.",65,75,62,50,64
"Web Developer resume. Bachelor of Technology. Skills: SQL, Power BI, React, Git, Excel, NLP. Experience: delivered 1 projects. Highlights: design thinking; curious research; quality assurance; public speaking; client presentations; stakeholder engagement; cross-functional collaboration; mentoring peers; resilient problem solving; adaptable execution; steady decision making.",58,35,75,57,82
"Business Analyst resume. Master of Computer Applications. Skills: JavaScript, C++, NLP, React. Experience: delivered 4 projects. Highlights: creative experimentation; curious research; reliable delivery; team workshops; stakeholder engagement; client presentations; team support; deadline management.",58,38,79,38,54
"Web Developer resume. Computer Science degree. Skills: TensorFlow, Power BI, Docker, Python. Experience: delivered 2 projects. Highlights: curious research; innovative ideas; design thinking; organized planning; structured documentation; stakeholder engagement; community events; team workshops; empathetic communication; mentoring peers; conflict resolution; adaptable execution.",72,71,78,76,54
"Software Engineer resume. Computer Science degree. Skills: Node.js, Machine Learning, C++, Excel, NLP, Power BI, SQL. Experience: delivered 2 projects. Highlights: creative experimentation; design thinking; learning new technologies; structured documentation; organized planning; quality assurance; community events; team support; resilient problem solving; steady decision making; deadline management.",75,72,43,36,74
"Web Developer resume. Bachelor of Technology. Skills: Java, Docker, JavaScript, SQL. Experience: delivered 2 projects. Highlights: design thinking; organized planning; structured documentation; stakeholder engagement; client presentations; cross-functional collaboration; resilient problem solving.",37,72,64,43,41
"Web Developer resume. Bachelor of Technology. Skills: Java, Node.js, JavaScript, AWS, Git, React. Experience: delivered 4 projects. Highlights: curious research; learning new technologies; quality assurance; organized planning; reliable delivery; community events; team workshops; empathetic communication; team support; calm under pressure; adaptable execution; deadline management.",62,75,65,60,81
"Machine Learning Intern resume. Bachelor of Science. Skills: Java, React, NLP, Machine Learning. Experience: delivered 2 projects. Highlights: curious research; design thinking; attention to detail; public speaking; mentoring peers; cross-functional collaboration; deadline management.",60,43,50,60,36
"Product Associate resume. Bachelor of Technology. Skills: C++, SQL, TensorFlow, React, Python. Experience: delivered 5 projects. Highlights: creative experimentation; learning new technologies; quality assurance; organized planning; community events; empathetic communication; steady decision making; adaptable execution; calm under pressure.",65,48,34,37,80
"Machine Learning Intern resume. Computer Science degree. Skills: Git, Power BI, React, TensorFlow, C++, NLP, Node.js. Experience: delivered 4 projects. Highlights: curious research; organized planning; quality assurance; client presentations; stakeholder engagement; public speaking; mentoring peers; team support; adaptable execution.",40,55,82,63,40
"Data Analyst resume. Computer Science degree. Skills: Excel, Node.js, JavaScript, Python, Git, Docker, Machine Learning. Experience: delivered 2 projects. Highlights: curious research; reliable delivery; attention to detail; stakeholder engagement; public speaking; empathetic communication; team support; calm under pressure.",45,67,66,62,42
"Business Analyst resume. Bachelor of Science. Skills: JavaScript, Power BI, Machine Learning, React, Java, TensorFlow, NLP. Experience: delivered 5 projects. Highlights: learning new technologies; design thinking; innovative ideas; structured documentation; quality assurance; stakeholder engagement; mentoring peers; team support; steady decision making; adaptable execution.",70,59,54,61,60
"Business Analyst resume. Computer Science degree. Skills: Python, React, Java, AWS, Machine Learning, JavaScript, Docker. Experience: delivered 2 projects. Highlights: learning new technologies; innovative ideas; reliable delivery; attention to detail; stakeholder engagement; team workshops; mentoring peers; cross-functional collaboration; team support; deadline management; steady decision making; adaptable execution.",49,55,70,81,80
"Product Associate resume. Master of Computer Applications. Skills: Docker, AWS, Git, React, JavaScript. Experience: delivered 5 projects. Highlights: design thinking; curious research; reliable delivery; community events; team workshops; public speaking; mentoring peers; adaptable execution; resilient problem solving.",63,36,82,48,63
"Product Associate resume. Computer Science degree. Skills: Java, SQL, AWS, NLP, Excel, Power BI. Experience: delivered 3 projects. Highlights: creative experimentation; design thinking; learning new technologies; organized planning; quality assurance; structured documentation; client presentations; public speaking; cross-functional collaboration; team support; empathetic communication; resilient problem solving; adaptable execution; calm under pressure.",83,73,72,78,86
"Software Engineer resume. Bachelor of Science. Skills: Docker, JavaScript, Machine Learning, Excel, TensorFlow, Git, Node.js, React. Experience: delivered 4 projects. Highlights: design thinking; curious research; creative experimentation; attention to detail; stakeholder engagement; cross-functional collaboration; adaptable execution.",81,47,55,61,44
"Software Engineer resume. Master of Computer Applications. Skills: NLP, JavaScript, Git, Python, Excel, C++, AWS, Machine Learning. Experience: delivered 1 projects. Highlights: learning new technologies; structured documentation; quality assurance; organized planning; client presentations; conflict resolution; steady decision making; deadline management.",34,88,35,43,53
"Machine Learning Intern resume. Bachelor of Science. Skills: Excel, Git, Python, NLP, Power BI, Docker, JavaScript, AWS. Experience: delivered 5 projects. Highlights: learning new technologies; attention to detail; client presentations; team workshops; public speaking; team support; steady decision making; calm under pressure; resilient problem solving.",48,40,74,52,85
"Product Associate resume. Bachelor of Technology. Skills: Node.js, Power BI, Excel, TensorFlow. Experience: delivered 3 projects. Highlights: curious research; organized planning; attention to detail; public speaking; team support; mentoring peers; deadline management; steady decision making.",59,68,36,64,59
"Product Associate resume. Master of Computer Applications. Skills: Power BI, TensorFlow, Node.js, C++. Experience: delivered 3 projects. Highlights: design thinking; creative experimentation; reliable delivery; stakeholder engagement; empathetic communication; mentoring peers; conflict resolution; deadline management.",68,35,46,71,34
"Software Engineer resume. Bachelor of Technology. Skills: Excel, TensorFlow, AWS, Machine Learning. Experience: delivered 2 projects. Highlights: innovative ideas; curious research; reliable delivery; quality assurance; structured documentation; team workshops; stakeholder engagement; team support; conflict resolution; calm under pressure; deadline management; steady decision making.",60,87,69,63,85
"Business Analyst resume. Bachelor of Technology. Skills: Power BI, Python, C++, AWS. Experience: delivered 2 projects. Highlights: innovative ideas; creative experimentation; learning new technologies; quality assurance; team workshops; cross-functional collaboration; calm under pressure.",79,41,46,38,49
"Web Developer resume. Bachelor of Science. Skills: Python, Power BI, SQL, Docker, AWS. Experience: delivered 4 projects. Highlights: creative experimentation; design thinking; learning new technologies; attention to detail; quality assurance; reliable delivery; client presentations; team workshops; cross-functional collaboration; conflict resolution; mentoring peers; deadline management; resilient problem solving.",72,69,58,69,57
"Web Developer resume. Bachelor of Technology. Skills: Node.js, JavaScript, Machine Learning, NLP, React. Experience: delivered 1 projects. Highlights: curious research; structured documentation; reliable delivery; quality assurance; community events; client presentations; mentoring peers; empathetic communication; team support; calm under pressure; adaptable execution; deadline management.",55,85,58,78,83
"Business Analyst resume. Bachelor of Technology. Skills: Docker, Node.js, AWS, Power BI, React. Experience: delivered 3 projects. Highlights: curious research; structured documentation; community events; public speaking; conflict resolution; mentoring peers; team support; steady decision making.",40,44,59,85,43
"Software Engineer resume. Bachelor of Technology. Skills: TensorFlow, Excel, Power BI, Git. Experience: delivered 3 projects. Highlights: creative experimentation; structured documentation; reliable delivery; quality assurance; client presentations; conflict resolution; deadline management.",55,74,44,43,38
"Product Associate resume. Computer Science degree. Skills: React, NLP, JavaScript, Python, AWS. Experience: delivered 4 projects. Highlights: design thinking; creative experimentation; innovative ideas; reliable delivery; quality assurance; attention to detail; public speaking; stakeholder engagement; team support; mentoring peers; empathetic communication; deadline management; steady decision making; adaptable execution.",70,87,61,84,81
"Business Analyst resume. Bachelor of Science. Skills: Python, Docker, Excel, TensorFlow, JavaScript, Power BI. Experience: delivered 2 projects. Highlights: learning new technologies; curious research; attention to detail; structured documentation; quality assurance; client presentations; team workshops; team support; mentoring peers; resilient problem solving; deadline management.",59,87,61,64,63
"Product Associate resume. Computer Science degree. Skills: Java, C++, Machine Learning, Node.js, React, TensorFlow. Experience: delivered 4 projects. Highlights: innovative ideas; reliable delivery; team workshops; client presentations; mentoring peers; conflict resolution; resilient problem solving.",36,32,58,65,49
"Machine Learning Intern resume. Master of Computer Applications. Skills: Git, Excel, React, Docker, C++, Python, Node.js, JavaScript. Experience: delivered 5 projects. Highlights: innovative ideas; creative experimentation; organized planning; public speaking; stakeholder engagement; conflict resolution; team support; cross-functional collaboration; resilient problem solving.",61,49,70,76,40
